ply
format ascii 1.0
comment AERO MESH Tiered Output Export
element vertex 2182
property float x
property float y
property float z
property uchar red
property uchar green
property uchar blue
property float confidence
property uchar hm_red
property uchar hm_green
property uchar hm_blue
end_header
2453.7774 879.1628 9.7433 97 121 107 0.950 0 204 255
7972.3641 5402.7211 36.8772 218 223 227 0.950 0 204 255
7660.0396 5147.4385 35.3328 219 224 228 0.950 0 204 255
7375.8105 4915.1384 33.9274 218 223 229 0.950 0 204 255
3576.4115 1811.1887 15.1487 218 223 227 0.950 0 204 255
3540.3566 1781.7036 14.9702 219 224 228 0.950 0 204 255
3505.4723 1753.1724 14.7976 218 223 229 0.950 0 204 255
3027.7346 1361.9207 12.4286 221 222 226 0.950 0 204 255
3007.4775 1345.3000 12.3279 220 224 227 0.950 0 204 255
2987.7204 1329.0862 12.2297 219 222 227 0.950 0 204 255
8487.1904 5860.3887 39.0076 219 223 226 0.950 0 204 255
8131.0123 5567.2561 37.2660 221 225 224 0.950 0 204 255
3655.6575 1886.2261 15.3957 221 222 227 0.950 0 204 255
3617.5823 1854.8905 15.2095 224 223 228 0.950 0 204 255
3078.8215 1410.9712 12.5703 221 222 226 0.950 0 204 255
3057.6299 1393.4798 12.4662 223 224 228 0.950 0 204 255
4149.0774 2331.7462 17.2545 148 161 177 0.950 0 204 255
-11639.1362 -11300.8427 -53.6886 221 222 227 0.950 0 204 255
4565.9228 2748.4988 18.2335 219 222 227 0.950 0 204 255
3629.4225 1940.0501 14.0975 221 222 227 0.950 0 204 255
19222.0084 15442.8334 82.7826 220 224 227 0.950 0 204 255
-10423.4454 -10280.7812 -47.9350 219 222 231 0.950 0 204 255
-13865.6186 -13265.9761 -63.0540 220 221 225 0.950 0 204 255
22813.7642 18581.6251 98.2810 219 224 228 0.950 0 204 255
4686.8315 2860.1801 18.6549 219 222 227 0.950 0 204 255
4486.9776 2687.1572 17.7788 218 221 226 0.950 0 204 255
3695.3106 2001.7524 14.3080 219 222 231 0.950 0 204 255
3595.9044 1915.6628 13.8720 218 221 226 0.950 0 204 255
-10662.0722 -10518.4679 -48.6030 220 223 228 0.950 0 204 255
-11654.4207 -11381.4225 -52.9294 221 224 231 0.950 0 204 255
21197.9668 17227.5941 90.5425 215 226 232 0.950 0 204 255
4704.9768 2883.0709 18.6227 219 224 230 0.950 0 204 255
4635.4258 2822.6841 18.3201 221 224 231 0.950 0 204 255
3710.6273 2019.7464 14.2951 220 223 228 0.950 0 204 255
3676.3705 1989.9967 14.1460 221 224 229 0.950 0 204 255
-6117.5550 -6783.6695 -25.9516 218 221 226 0.950 0 204 255
6114.5044 4225.4335 22.8888 220 221 226 0.950 0 204 255
4446.0375 2730.6776 16.2639 220 220 228 0.950 0 204 255
-5899.1313 -6601.5567 -24.8867 223 224 228 0.950 0 204 255
6268.6160 4371.5498 23.3648 223 224 228 0.950 0 204 255
4518.8490 2800.7463 16.4642 223 224 228 0.950 0 204 255
-5516.1170 -6264.3271 -23.2849 223 223 225 0.950 0 204 255
6493.1270 4577.3125 24.1801 220 224 227 0.950 0 204 255
4614.3997 2888.9670 16.7957 223 223 225 0.950 0 204 255
-5839.1194 -6560.7465 -24.4555 223 224 226 0.950 0 204 255
6359.5101 4461.1580 23.5864 223 224 229 0.950 0 204 255
-5464.7052 -6230.3958 -22.8994 222 223 227 0.950 0 204 255
6590.5031 4673.1475 24.4207 220 224 227 0.950 0 204 255
4662.6976 2937.3031 16.8946 222 223 227 0.950 0 204 255
10171.1372 8005.1972 36.6046 142 159 175 0.950 0 204 255
-5475.3615 -6333.3718 -21.4541 147 160 176 0.950 0 204 255
-3707.4273 -4750.2293 -14.4651 220 221 225 0.950 0 204 255
-3844.3534 -4875.5929 -14.9547 221 222 224 0.950 0 204 255
10270.1898 8148.0472 36.0144 218 221 226 0.950 0 204 255
5917.2648 4143.9703 20.3561 221 222 226 0.950 0 204 255
-3687.6730 -4738.8091 -14.2761 223 223 221 0.950 0 204 255
-9147.4502 -9761.1347 -33.7558 220 223 228 0.950 0 204 255
10501.1937 8371.8962 36.6343 220 224 227 0.950 0 204 255
6103.7668 4321.0130 20.9163 222 224 223 0.950 0 204 255
-3541.7833 -4611.4317 -13.6441 222 223 228 0.950 0 204 255
-3733.8209 -4787.6949 -14.3218 221 222 227 0.950 0 204 255
-8472.3578 -9151.9671 -31.1177 222 223 228 0.950 0 204 255
-9272.5393 -9890.0703 -33.9595 221 222 227 0.950 0 204 255
11208.7085 9035.8569 38.9393 220 223 228 0.950 0 204 255
10524.5160 8404.4591 36.5081 219 222 227 0.950 0 204 255
6303.5118 4510.6434 21.5163 222 223 227 0.950 0 204 255
6126.1950 4347.1608 20.8869 219 222 227 0.950 0 204 255
-2737.3058 -3933.3128 -9.6531 221 222 226 0.950 0 204 255
-2818.6280 -4008.9408 -9.9171 222 223 227 0.950 0 204 255
-2903.2024 -4087.6262 -10.1918 219 222 229 0.950 0 204 255
-2666.6573 -3873.3534 -9.3022 221 222 226 0.950 0 204 255
-2744.5022 -3945.8417 -9.5526 223 224 226 0.950 0 204 255
-2159.8715 -3440.5115 -6.7827 221 222 226 0.950 0 204 255
-2103.2669 -3389.6968 -6.5544 218 223 229 0.950 0 204 255
-2267.4908 -3544.3122 -7.0392 218 222 225 0.950 0 204 255
-2126.3246 -3413.7779 -6.5623 222 223 227 0.950 0 204 255
-2179.8237 -3464.1790 -6.7193 223 224 229 0.950 0 204 255
-3625.3644 -4831.0731 -10.9832 220 224 227 0.950 0 204 255
-3734.3144 -4934.3433 -11.3056 221 225 228 0.950 0 204 255
7590.5062 5895.7812 21.6333 96 123 108 0.950 0 204 255
2459.2126 883.8982 9.7661 99 116 110 0.950 0 204 255
4648.4378 2689.1677 20.4213 217 218 220 0.950 0 204 255
7966.2342 5429.4308 36.4859 222 226 225 0.950 0 204 255
4717.0787 2758.0825 20.5960 223 224 228 0.950 0 204 255
3045.9327 1383.3672 12.4161 224 225 229 0.950 0 204 255
19070.2695 15298.1407 82.2860 213 222 229 0.950 0 204 255
6791.8042 4688.3386 27.8155 215 222 230 0.950 0 204 255
4658.9727 2838.9083 18.4885 217 221 224 0.950 0 204 255
3266.1901 2151.1281 13.4661 220 221 225 0.950 0 204 255
11727.3232 9263.0341 45.1474 211 220 229 0.950 0 204 255
4509.6687 2791.5479 16.4456 223 224 228 0.950 0 204 255
6490.9466 4574.5305 24.1856 220 224 227 0.950 0 204 255
4624.4778 2897.5258 16.8444 219 220 224 0.950 0 204 255
10087.6210 7927.6658 36.3165 142 159 175 0.950 0 204 255
-17343.5550 -17612.6781 -57.4150 217 218 220 0.950 0 204 255
-5412.6164 -6439.7679 -18.1931 224 225 227 0.950 0 204 255
-16681.9489 -17013.1253 -54.8238 223 224 226 0.950 0 204 255
-8115.0116 -9087.2690 -24.4950 220 224 227 0.950 0 204 255
-1722.4423 -3049.8115 -4.9493 93 119 106 0.950 0 204 255
3086.5518 1929.5370 16.3857 214 218 217 0.950 0 204 255
12915.6199 12319.8194 48.6253 219 220 224 0.950 0 204 255
22233.4929 18060.6756 95.5810 217 218 220 0.950 0 204 255
-8906.8665 -9536.5998 -32.7963 215 216 221 0.950 0 204 255
-3944.3938 -4107.1541 -8.9930 216 220 221 0.950 0 204 255
-5767.8691 -5747.8898 -12.6862 220 221 223 0.950 0 204 255
-3570.1513 -4347.4774 -9.0990 220 221 223 0.950 0 204 255
-19159.0513 -17834.0893 -50.1636 220 222 221 0.950 0 204 255
2469.5795 897.9884 9.8306 106 110 121 0.950 0 204 255
7850.8311 6145.2022 22.4044 106 110 121 0.950 0 204 255
3550.4634 1791.2813 15.0016 219 224 228 0.950 0 204 255
4149.5707 2329.9212 17.2890 143 159 175 0.950 0 204 255
-12273.1439 -11898.7623 -55.8854 220 221 225 0.950 0 204 255
-5972.1453 -6664.3635 -25.2142 223 224 228 0.950 0 204 255
-31733.5076 -29818.1942 -127.1397 213 220 226 0.950 0 204 255
6223.7176 4329.6599 23.2145 223 224 228 0.950 0 204 255
-3826.0032 -4860.1709 -14.8647 221 222 224 0.950 0 204 255
6110.6786 4326.2673 20.9629 221 222 224 0.950 0 204 255
-3793.3025 -4983.5891 -11.6376 215 218 223 0.950 0 204 255
-2203.9877 -3485.4870 -6.8270 220 221 225 0.950 0 204 255
-3768.7681 -4964.8152 -11.4595 218 222 225 0.950 0 204 255
7634.2167 5937.2273 21.7668 97 116 110 0.950 0 204 255
-11232.4621 -10971.2119 -51.3936 219 219 219 0.950 0 204 255
-3654.3333 -4706.8285 -14.1085 216 216 216 0.950 0 204 255
-1724.9821 -3050.6521 -4.9635 97 116 110 0.950 0 204 255
-12280.9603 -11865.8519 -56.5530 218 219 223 0.950 0 204 255
4236.8044 2412.2152 17.5686 141 159 179 0.950 0 204 255
-5431.8018 -6287.6291 -21.3936 141 160 177 0.950 0 204 255
-2808.5225 -4000.3431 -9.8674 222 223 227 0.950 0 204 255
-33746.4888 -33466.6273 -100.8756 217 221 222 0.950 0 204 255
-2725.7528 -3924.1905 -9.5258 220 222 221 0.950 0 204 255
-3291.2188 -3780.9372 -6.9182 216 220 223 0.950 0 204 255
8081.4735 5477.8015 36.9535 214 218 217 0.950 0 204 255
-33836.2996 -33557.9469 -101.2579 218 222 225 0.950 0 204 255
3039.5740 1362.4538 12.4385 217 218 220 0.950 0 204 255
-10985.7422 -10781.0525 -50.2476 220 220 222 0.950 0 204 255
-2138.9174 -3424.2082 -6.6353 219 220 222 0.950 0 204 255
-6327.8751 -6263.4610 -19.1898 216 220 223 0.950 0 204 255
3628.5351 1849.6607 15.2552 217 218 220 0.950 0 204 255
4613.3621 2661.6885 20.2720 220 224 227 0.950 0 204 255
3569.6305 1807.7264 15.1120 218 223 227 0.950 0 204 255
4323.4531 2488.2417 17.9625 139 160 181 0.950 0 204 255
-5739.2883 -6555.5189 -22.8022 138 161 179 0.950 0 204 255
9975.0527 7810.7443 36.2265 139 160 179 0.950 0 204 255
6250.8834 4460.4683 21.4038 108 113 119 0.950 0 204 255
-2718.1630 -3921.9537 -9.4866 216 217 219 0.950 0 204 255
7665.5766 5948.5687 21.9307 106 110 121 0.950 0 204 255
23300.8371 19025.7968 100.1398 214 219 225 0.950 0 204 255
-9990.2398 -12040.5339 -35.2484 220 223 228 0.950 0 204 255
10340.3603 8150.6859 37.2600 139 160 179 0.950 0 204 255
-51088.5474 -56138.9698 -198.5048 218 222 221 0.950 0 204 255
-2164.2485 -3444.7371 -6.7488 220 222 221 0.950 0 204 255
4547.7962 2734.8134 18.1569 219 222 227 0.950 0 204 255
-5839.0494 -6537.6112 -24.8684 217 218 223 0.950 0 204 255
-2151.5324 -3436.6471 -6.6841 219 220 222 0.950 0 204 255
-7645.7639 -8646.9822 -23.0304 216 217 221 0.950 0 204 255
10470.3734 8341.0592 36.4377 219 223 226 0.950 0 204 255
3013.3974 1363.0667 12.3630 220 221 223 0.950 0 204 255
-9618.1987 -10153.4680 -35.4196 213 218 221 0.950 0 204 255
-2723.1919 -3911.6009 -9.5323 219 221 220 0.950 0 204 255
20492.3696 16533.0343 88.7283 211 221 231 0.950 0 204 255
6680.2048 4577.7717 27.5809 213 222 229 0.950 0 204 255
6268.0775 4365.0419 23.5120 215 220 226 0.950 0 204 255
10769.1047 8626.8432 37.5203 216 219 224 0.950 0 204 255
4221.1537 2389.8793 17.5716 139 160 179 0.950 0 204 255
4750.6473 2763.8839 20.7234 217 218 220 0.950 0 204 255
-3663.0222 -4720.7968 -14.1500 216 216 216 0.950 0 204 255
-16304.5777 -16663.3899 -53.6418 223 224 226 0.950 0 204 255
9515.2240 7596.4307 30.4757 107 111 120 0.950 0 204 255
20011.8583 17674.7186 59.6421 104 108 117 0.950 0 204 255
-1810.3717 -3123.7004 -5.2363 110 107 124 0.950 0 204 255
14672.8010 14336.5055 62.1975 213 218 221 0.950 0 204 255
8373.3179 5710.6120 38.4317 216 222 222 0.950 0 204 255
-3621.9935 -4826.5851 -11.0401 218 222 225 0.950 0 204 255
4669.7306 2829.7515 18.4889 219 220 222 0.950 0 204 255
4580.8975 2840.6334 16.7046 221 222 227 0.950 0 204 255
-6607.0941 -6956.8528 -17.0835 215 218 223 0.950 0 204 255
-5476.6573 -6322.0045 -21.5624 138 161 179 0.950 0 204 255
4562.1753 2650.5074 20.1403 219 221 220 0.950 0 204 255
-10973.6997 -10687.8310 -50.1717 221 221 223 0.950 0 204 255
16897.7283 14754.9637 50.8248 218 219 223 0.950 0 204 255
3586.1290 1806.1094 15.1256 219 224 228 0.950 0 204 255
-37398.0456 -34704.4556 -149.1425 212 220 223 0.950 0 204 255
-34889.1889 -32532.2409 -138.8057 215 220 223 0.950 0 204 255
3004.1598 1357.6899 12.3555 219 220 224 0.950 0 204 255
-30368.5585 -28458.4112 -121.3647 214 222 225 0.950 0 204 255
-9011.4549 -9596.7630 -33.2518 212 217 221 0.950 0 204 255
3036.5586 1370.6360 12.4694 107 110 119 0.950 0 204 255
-5624.2641 -6423.0026 -22.1565 139 160 179 0.950 0 204 255
3527.5840 1791.0063 14.9830 216 221 224 0.950 0 204 255
4114.9050 2315.3563 17.2542 142 159 175 0.950 0 204 255
6460.0326 4525.9932 24.0413 216 217 221 0.950 0 204 255
4182.4178 2384.1325 17.5230 139 160 181 0.950 0 204 255
22828.7803 18478.8776 98.0717 216 221 225 0.950 0 204 255
-5578.1776 -6385.8047 -22.0212 138 161 179 0.950 0 204 255
3640.0988 1950.5871 14.1466 106 109 118 0.950 0 204 255
-2852.9135 -4054.5657 -10.0998 217 218 220 0.950 0 204 255
-10787.0425 -10240.1032 -30.2957 222 223 225 0.950 0 204 255
3529.1323 1793.9019 14.9832 216 221 224 0.950 0 204 255
-5537.5001 -6245.1345 -23.4150 221 222 227 0.950 0 204 255
-3667.0659 -4700.9395 -14.1946 216 216 214 0.950 0 204 255
-3274.8550 -3757.8106 -6.8653 216 220 223 0.950 0 204 255
8000.3203 5432.8281 37.0133 218 223 227 0.950 0 204 255
4155.5145 2374.6204 17.4624 139 160 181 0.950 0 204 255
7045.3156 4874.4708 28.8321 219 219 219 0.950 0 204 255
-16311.2733 -16600.8936 -53.5985 219 220 222 0.950 0 204 255
18299.1434 15985.0543 54.6659 218 219 221 0.950 0 204 255
6115.5648 4330.6583 20.9139 221 222 224 0.950 0 204 255
-2155.9392 -3430.5438 -6.7240 220 222 221 0.950 0 204 255
-8078.6946 -9085.0808 -24.6238 220 222 221 0.950 0 204 255
-8700.5156 -9358.6082 -32.0825 218 219 224 0.950 0 204 255
10007.9258 7884.6187 36.1433 142 159 177 0.950 0 204 255
-5632.1441 -6434.7483 -22.2214 139 160 179 0.950 0 204 255
3593.3445 1926.0369 13.9869 218 219 223 0.950 0 204 255
4673.3711 2686.6054 20.4550 220 224 227 0.950 0 204 255
6019.4459 4220.3081 20.6865 108 109 114 0.950 0 204 255
9725.9665 7859.9124 48.3482 219 219 219 0.950 0 204 255
5141.0880 4550.7908 21.2136 222 223 227 0.950 0 204 255
6158.6868 4297.7191 23.1607 218 223 227 0.950 0 204 255
6886.9779 5151.5050 24.1040 221 222 227 0.950 0 204 255
3698.5247 1994.1696 14.2621 219 219 219 0.950 0 204 255
4601.3293 2769.2534 18.2737 220 221 223 0.950 0 204 255
9586.4483 7489.9518 34.8816 139 160 179 0.950 0 204 255
10397.1542 8244.0875 36.2556 218 222 223 0.950 0 204 255
7847.0943 5256.5365 36.0069 215 220 224 0.950 0 204 255
10213.5279 8169.0139 35.8881 219 222 227 0.950 0 204 255
-2216.0367 -3504.1283 -6.9606 220 222 221 0.950 0 204 255
12899.2748 10267.9556 49.5018 214 214 214 0.950 0 204 255
6388.3728 4453.0420 23.8234 220 221 226 0.950 0 204 255
10133.5311 7987.6088 35.4456 218 221 226 0.950 0 204 255
3506.8200 1775.8948 14.8823 219 224 228 0.950 0 204 255
4486.0756 2705.1681 17.9591 216 220 223 0.950 0 204 255
9685.6086 7592.9160 35.3180 139 160 179 0.950 0 204 255
9843.5181 7803.5796 34.6178 216 219 224 0.950 0 204 255
-13468.6869 -12988.0825 -62.1991 221 221 223 0.950 0 204 255
4542.6819 2818.4403 16.6556 106 110 119 0.950 0 204 255
21567.7459 17392.5918 92.1691 219 220 222 0.950 0 204 255
8754.0299 6904.7542 28.2782 219 220 224 0.950 0 204 255
-13259.0024 -12927.7064 -61.6077 221 220 225 0.950 0 204 255
-3949.2283 -5015.2292 -15.6142 107 110 115 0.950 0 204 255
30126.6397 26841.1261 97.4757 219 221 220 0.950 0 204 255
3708.5184 2982.4069 19.3220 217 218 220 0.950 0 204 255
-2219.6176 -3517.1733 -7.0429 221 222 226 0.950 0 204 255
13210.9058 10568.4255 50.5865 220 220 220 0.950 0 204 255
-9899.3583 -10391.5376 -36.5912 105 110 114 0.950 0 204 255
-21214.6919 -18094.8716 -58.2098 218 219 223 0.950 0 204 255
-6125.2697 -6874.5485 -26.3737 221 222 227 0.950 0 204 255
-5942.6879 -6675.8986 -25.2833 218 219 223 0.950 0 204 255
-2803.2958 -4026.4760 -9.9390 219 220 224 0.950 0 204 255
9325.3403 7388.9247 29.8355 219 221 220 0.950 0 204 255
4853.7172 3863.7803 20.4902 218 219 221 0.950 0 204 255
9553.9856 7498.4667 34.9473 139 160 179 0.950 0 204 255
-5375.8079 -6380.6114 -18.0660 219 220 222 0.950 0 204 255
-3929.5920 -4079.1693 -8.9429 217 221 222 0.950 0 204 255
3369.6870 2078.3343 13.6609 221 221 223 0.950 0 204 255
-5685.9644 -5181.3761 -11.2915 218 223 227 0.950 0 204 255
-5255.9721 -4764.1553 -9.7284 219 224 228 0.950 0 204 255
5897.5468 3259.5874 21.1543 223 224 228 0.950 0 204 255
-10702.6572 -9406.1752 -29.5716 221 221 231 0.950 0 204 255
9274.4790 8804.7892 48.8822 215 225 234 0.950 0 204 255
6007.0298 4243.4126 21.2938 221 225 228 0.950 0 204 255
10761.9720 6677.2376 29.5960 222 223 225 0.950 0 204 255
9857.1264 6115.1290 27.5628 220 224 227 0.950 0 204 255
17051.0270 11979.9901 45.5479 219 223 226 0.950 0 204 255
5216.1114 4853.0971 27.1162 221 222 227 0.950 0 204 255
-26565.2327 -21540.1743 -62.5762 220 223 228 0.950 0 204 255
-30668.9122 -17783.9459 -32.7740 95 124 102 0.950 0 204 255
-23685.3743 -21390.5660 -118.5409 219 224 228 0.950 0 204 255
19103.4972 14284.6395 82.8507 224 225 229 0.950 0 204 255
4787.8813 2331.5882 15.9825 222 226 227 0.950 0 204 255
3514.2818 2468.4926 15.6826 218 222 225 0.950 0 204 255
34265.4469 29346.3605 127.1627 210 220 230 0.950 0 204 255
32783.0047 23140.8766 93.7835 223 223 225 0.950 0 204 255
7733.8454 5183.6711 24.5643 219 220 224 0.950 0 204 255
23786.8895 20148.0408 81.4143 142 160 174 0.950 0 204 255
25871.0768 22273.4661 85.8422 215 217 216 0.950 0 204 255
-1831.5354 -3080.4195 -5.2871 218 222 225 0.950 0 204 255
-20091.0093 -21435.7951 -62.7209 219 220 222 0.950 0 204 255
-2043.1057 -4075.8903 -9.1822 96 118 106 0.950 0 204 255
-7204.3958 -4940.8147 -16.4624 217 221 222 0.950 0 204 255
-6034.1805 -4937.1782 -14.4676 219 219 219 0.950 0 204 255
-5155.6701 -4864.4968 -12.8003 210 215 219 0.950 0 204 255
-4397.3093 -4734.0155 -11.1954 221 222 226 0.950 0 204 255
-5867.6235 -7687.5893 -23.4087 220 222 221 0.950 0 204 255
-3326.8662 -4421.5344 -8.6147 218 222 225 0.950 0 204 255
-9063.2386 -9025.6746 -20.2589 218 222 225 0.950 0 204 255
9436.0572 11569.1961 50.0169 220 221 223 0.950 0 204 255
-5120.1187 -5843.8810 -12.1802 220 222 221 0.950 0 204 255
3810.3593 1478.5342 11.6075 106 110 121 0.950 0 204 255
19373.0876 14442.3084 84.9415 221 222 226 0.950 0 204 255
-5763.6917 -7307.2858 -26.1938 139 160 179 0.950 0 204 255
-3981.5718 -5732.4104 -18.7528 213 217 220 0.950 0 204 255
-4123.9480 -6041.9802 -15.8000 220 221 225 0.950 0 204 255
14352.8599 11906.8070 37.2729 106 110 121 0.950 0 204 255
-24164.1123 -21767.9242 -120.9602 219 224 228 0.950 0 204 255
-20978.3103 -19256.1929 -104.8593 221 225 226 0.950 0 204 255
19852.6790 14916.9359 86.2956 223 224 228 0.950 0 204 255
4809.2758 2350.2765 16.0719 221 225 226 0.950 0 204 255
-9975.4024 -10629.0873 -48.4518 218 221 226 0.950 0 204 255
7900.9290 5225.0884 24.6669 218 221 226 0.950 0 204 255
-11871.0623 -8562.2471 -24.6101 142 160 174 0.950 0 204 255
6734.1672 5929.8759 31.6854 222 223 228 0.950 0 204 255
18312.0831 12942.7229 48.2618 219 222 227 0.950 0 204 255
-1467.7429 -1657.8771 0.9679 222 223 227 0.950 0 204 255
5771.1713 3139.0358 20.7466 220 224 227 0.950 0 204 255
6968.9281 4223.4259 25.3377 145 159 172 0.950 0 204 255
5605.8803 3958.7903 22.7115 220 220 222 0.950 0 204 255
48413.2430 32080.3839 109.9297 219 223 226 0.950 0 204 255
-3185.4274 -5073.0768 -14.5434 222 223 225 0.950 0 204 255
-5734.5236 -7491.0201 -22.4765 224 225 229 0.950 0 204 255
67032.2971 53570.7174 171.1816 224 225 227 0.950 0 204 255
13833.8863 11401.2829 35.7685 99 116 110 0.950 0 204 255
13864.0808 11424.2727 35.8684 102 113 115 0.950 0 204 255
5819.0094 3178.4040 20.8977 217 221 222 0.950 0 204 255
-26276.9727 -24157.4263 -125.0127 143 160 178 0.950 0 204 255
-5541.5684 -7108.9077 -25.1092 139 160 179 0.950 0 204 255
-16993.5592 -15605.3514 -88.9262 99 115 112 0.950 0 204 255
-24490.7426 -22773.8987 -116.5141 145 162 180 0.950 0 204 255
-9258.2590 -9977.1748 -45.7734 218 219 223 0.950 0 204 255
23404.2882 19756.8239 80.7917 139 160 179 0.950 0 204 255
-3097.0377 -4997.0282 -14.1630 214 218 217 0.950 0 204 255
-5486.3828 -7257.5100 -21.7113 221 222 226 0.950 0 204 255
-2522.0720 -4509.7451 -11.1561 217 221 222 0.950 0 204 255
17916.4717 13213.0115 78.0366 220 224 227 0.950 0 204 255
5752.2082 3120.9474 20.6854 220 224 227 0.950 0 204 255
2755.4349 2951.9735 20.9924 220 224 227 0.950 0 204 255
-5592.9004 -5457.6675 -19.2998 221 225 228 0.950 0 204 255
-3195.2694 -5081.3343 -14.5944 222 223 225 0.950 0 204 255
-3122.8277 -5020.5052 -14.2189 223 224 226 0.950 0 204 255
21397.8253 17094.1117 63.8671 216 217 219 0.950 0 204 255
-5266.8358 -5954.6846 -12.4883 222 223 227 0.950 0 204 255
7849.7869 5114.3989 27.4504 220 220 222 0.950 0 204 255
-3094.9893 -4989.1013 -14.1673 218 222 221 0.950 0 204 255
-2528.3984 -4510.8456 -11.2034 218 222 225 0.950 0 204 255
4802.4362 2327.4668 16.0088 215 219 220 0.950 0 204 255
-18548.7543 -17040.0872 -93.0395 216 221 224 0.950 0 204 255
4798.2545 2322.2978 16.0113 216 221 224 0.950 0 204 255
-5418.4810 -6850.4314 -26.2294 219 222 227 0.950 0 204 255
42196.8803 36453.0966 156.5039 210 215 219 0.950 0 204 255
-22759.1905 -20631.8556 -114.3878 214 219 223 0.950 0 204 255
-5721.0518 -7149.0586 -27.7041 215 219 222 0.950 0 204 255
-2650.7929 -4630.3524 -11.5407 218 221 226 0.950 0 204 255
13601.8835 16004.2768 90.5040 217 221 224 0.950 0 204 255
-5519.1558 -7095.5521 -25.0363 141 160 177 0.950 0 204 255
-8741.0456 -9535.1906 -43.1450 218 219 221 0.950 0 204 255
10903.8850 8257.1801 33.5922 219 223 226 0.950 0 204 255
-2042.4982 -4073.3176 -9.1874 99 115 112 0.950 0 204 255
8354.5800 5261.0949 32.5319 217 221 222 0.950 0 204 255
11798.7071 8844.0693 40.1002 220 221 226 0.950 0 204 255
65210.5460 60749.9965 189.1295 218 222 225 0.950 0 204 255
5807.5427 3170.5944 20.9474 217 218 220 0.950 0 204 255
-8114.7557 -9584.5702 -33.0700 218 219 223 0.950 0 204 255
11196.7675 8541.1739 34.6442 109 112 117 0.950 0 204 255
-2043.0537 -4076.3106 -9.1974 99 115 112 0.950 0 204 255
34151.1085 38653.6586 142.1573 216 220 223 0.950 0 204 255
7594.0817 4894.1223 26.4156 218 221 226 0.950 0 204 255
2610.0470 1525.3123 11.5714 100 114 114 0.950 0 204 255
-27483.0402 -25185.8166 -131.0266 146 159 175 0.950 0 204 255
4485.4137 4346.1658 22.8499 219 223 224 0.950 0 204 255
24030.0648 19375.7781 74.7817 220 221 225 0.950 0 204 255
-3959.6351 -5704.8925 -18.6546 213 217 220 0.950 0 204 255
20181.9285 15053.8669 87.3979 217 218 220 0.950 0 204 255
8487.7410 5375.6769 33.1044 218 222 221 0.950 0 204 255
7092.9425 4303.8880 25.7414 145 158 174 0.950 0 204 255
-8576.3897 -9965.3879 -34.6629 218 222 225 0.950 0 204 255
-2071.4865 -4126.4780 -9.4175 99 115 112 0.950 0 204 255
13253.9249 9852.7872 50.7198 213 222 229 0.950 0 204 255
7732.6825 5006.5812 27.1874 218 219 223 0.950 0 204 255
-20161.5628 -21507.6963 -63.0072 219 220 222 0.950 0 204 255
4644.8336 2232.5528 15.7611 218 223 227 0.950 0 204 255
-6214.4283 -5924.4128 -19.6319 221 220 218 0.950 0 204 255
-20990.9703 -19148.8386 -105.3853 216 221 224 0.950 0 204 255
11736.8886 8817.8784 39.9876 220 221 226 0.950 0 204 255
-37278.4977 -36707.8243 -134.8702 212 217 221 0.950 0 204 255
-23019.6438 -21306.1686 -109.2566 141 158 176 0.950 0 204 255
7271.9391 4467.7145 26.3994 139 160 177 0.950 0 204 255
13897.7963 10376.2300 52.8530 220 224 227 0.950 0 204 255
-3937.4716 -5663.4875 -18.5986 216 220 223 0.950 0 204 255
-39652.4527 -38920.6873 -143.1647 218 222 225 0.950 0 204 255
-3321.1182 -4404.6305 -8.5669 218 222 225 0.950 0 204 255
11593.9787 8686.9592 39.6979 217 218 223 0.950 0 204 255
-7176.9245 -4920.2939 -16.4644 214 219 223 0.950 0 204 255
-21814.0387 -19566.0187 -114.3754 97 116 110 0.950 0 204 255
-20182.3892 -16253.8052 -59.9183 220 225 228 0.950 0 204 255
24884.6589 21332.0731 82.3626 221 222 224 0.950 0 204 255
23434.0990 19716.0329 80.2669 138 161 177 0.950 0 204 255
-16252.4870 -14855.5330 -84.3804 106 110 121 0.950 0 204 255
5879.7201 3216.7698 21.0423 217 221 222 0.950 0 204 255
8099.5046 5073.5572 31.7472 219 224 228 0.950 0 204 255
7327.2792 4551.9150 26.7318 138 161 179 0.950 0 204 255
25975.4402 22380.3368 86.2580 215 217 216 0.950 0 204 255
13128.6034 15242.9150 86.1350 218 222 225 0.950 0 204 255
4206.5135 3722.8177 22.2103 222 223 225 0.950 0 204 255
25030.3385 21280.8802 85.9005 138 161 177 0.950 0 204 255
-18067.1116 -16310.3611 -93.1500 104 111 121 0.950 0 204 255
-21137.3095 -19199.9509 -104.9370 214 218 219 0.950 0 204 255
-3196.5811 -5069.5060 -14.5277 218 219 221 0.950 0 204 255
7350.2779 4874.1246 23.6014 219 222 227 0.950 0 204 255
7128.6970 4359.2703 25.9600 142 159 175 0.950 0 204 255
5625.6329 3087.3499 20.5189 220 221 223 0.950 0 204 255
13937.5235 12187.3589 61.8830 220 220 220 0.950 0 204 255
-4096.9248 -5810.5684 -19.1456 214 218 221 0.950 0 204 255
-2573.8570 -4546.5407 -11.3074 217 221 224 0.950 0 204 255
-8489.2752 -9262.1973 -41.9268 218 219 224 0.950 0 204 255
18391.5326 15478.5806 54.9881 219 221 220 0.950 0 204 255
-2503.4617 -4479.0942 -11.1209 216 220 223 0.950 0 204 255
-36805.3926 -36449.2279 -133.2573 221 222 226 0.950 0 204 255
7660.2558 4780.0662 30.4168 214 219 223 0.950 0 204 255
23560.8959 17809.5181 102.1723 219 223 226 0.950 0 204 255
-25678.0989 -23486.2583 -121.7977 146 159 175 0.950 0 204 255
-9194.7840 -9871.1661 -44.9501 217 221 222 0.950 0 204 255
24150.0925 20376.9141 82.8640 138 161 177 0.950 0 204 255
12816.1130 9616.6147 49.5358 217 218 220 0.950 0 204 255
7577.4072 4942.1368 26.8432 219 219 219 0.950 0 204 255
-4953.0996 -4655.3264 -10.1394 223 224 228 0.950 0 204 255
-20112.4094 -26637.1013 -92.2620 220 221 225 0.950 0 204 255
56034.6438 44468.1602 144.0011 222 223 225 0.950 0 204 255
15452.6431 11536.9549 69.1023 219 220 222 0.950 0 204 255
24000.7928 20430.9466 79.3541 220 221 223 0.950 0 204 255
-3070.1838 -4953.1750 -14.0913 217 221 222 0.950 0 204 255
-35468.6177 -32648.4998 -170.9233 141 158 176 0.950 0 204 255
4871.1314 2386.9638 16.2763 219 223 226 0.950 0 204 255
5888.4424 3392.3639 19.1800 219 220 222 0.950 0 204 255
-6294.5375 -6461.8130 -15.0149 217 218 220 0.950 0 204 255
4773.7961 2311.1933 16.0664 106 111 115 0.950 0 204 255
5598.2332 3038.7597 20.4016 217 218 220 0.950 0 204 255
-7770.2259 -8456.1086 -37.3310 219 220 222 0.950 0 204 255
-8685.1659 -10196.5695 -35.6153 222 224 223 0.950 0 204 255
26523.2336 22526.8285 90.1585 142 160 174 0.950 0 204 255
3094.7746 3204.6857 19.5767 222 223 227 0.950 0 204 255
-3818.1106 -4570.9662 -9.8600 215 219 218 0.950 0 204 255
7842.0976 5083.1840 27.3626 221 220 225 0.950 0 204 255
5879.3792 3369.1899 19.1125 218 222 223 0.950 0 204 255
7804.6859 4816.3024 27.8672 139 160 177 0.950 0 204 255
-5249.4668 -6579.5543 -24.8062 218 222 225 0.950 0 204 255
-14051.2367 -15508.6681 -49.8988 217 221 220 0.950 0 204 255
6028.7332 3343.7830 21.6107 221 222 226 0.950 0 204 255
24661.2043 17091.6935 71.1503 220 220 228 0.950 0 204 255
-4244.4666 -6024.7703 -20.1907 219 223 226 0.950 0 204 255
16591.8882 16108.6578 88.6147 220 224 227 0.950 0 204 255
32375.7910 27941.6957 122.0095 214 222 225 0.950 0 204 255
-6001.1774 -7603.0545 -27.4927 139 160 179 0.950 0 204 255
7593.2545 5029.3416 24.0302 218 222 225 0.950 0 204 255
5767.7402 3328.7619 19.0148 220 221 225 0.950 0 204 255
-3921.3288 -5565.3786 -18.1429 218 221 226 0.950 0 204 255
54711.5135 51057.3421 160.7055 219 222 227 0.950 0 204 255
-5668.8454 -7032.2740 -27.0079 218 221 226 0.950 0 204 255
47895.0418 41664.6033 177.8715 220 225 228 0.950 0 204 255
11061.0395 8327.1216 38.2143 219 218 223 0.950 0 204 255
5854.0465 3359.0316 19.1910 106 109 116 0.950 0 204 255
15326.8774 11259.0626 67.6943 220 224 227 0.950 0 204 255
11073.0854 8302.2067 38.2164 221 222 227 0.950 0 204 255
6043.4006 3299.2677 21.3595 216 217 221 0.950 0 204 255
19929.7701 17004.0872 59.8844 108 111 116 0.950 0 204 255
-5634.9932 -7051.8490 -26.9719 221 225 228 0.950 0 204 255
-6149.1006 -7790.7562 -28.3870 139 160 179 0.950 0 204 255
-9259.6314 -10798.4430 -38.3287 216 220 223 0.950 0 204 255
10144.1685 7601.2390 31.6961 107 110 117 0.950 0 204 255
-21169.9949 -19711.0431 -107.9279 219 223 226 0.950 0 204 255
23812.7501 20463.1318 79.5034 222 224 223 0.950 0 204 255
20895.4729 17797.9583 70.2072 215 216 218 0.950 0 204 255
-2502.1415 -4439.8005 -10.9167 215 218 223 0.950 0 204 255
-3026.2017 -4862.5700 -13.6032 219 221 220 0.950 0 204 255
-2623.6889 -3078.4896 -7.8488 222 223 225 0.950 0 204 255
-9554.9176 -11001.2539 -39.1701 217 220 225 0.950 0 204 255
-28008.7327 -25588.2802 -141.8698 221 225 226 0.950 0 204 255
-4187.5474 -6024.7667 -20.2079 216 220 223 0.950 0 204 255
-6094.3913 -7713.2664 -28.0069 139 160 179 0.950 0 204 255
7570.1766 5024.1924 24.1562 107 110 117 0.950 0 204 255
7369.9468 4769.4631 26.1991 221 221 223 0.950 0 204 255
-4425.4679 -6362.2607 -17.0139 217 218 222 0.950 0 204 255
20675.1644 17523.9117 69.4372 108 109 114 0.950 0 204 255
5454.5054 3818.9338 22.2804 221 222 227 0.950 0 204 255
-4544.9133 -6457.1610 -22.1193 219 223 226 0.950 0 204 255
5726.5923 5195.4518 25.8612 219 221 220 0.950 0 204 255
29761.4132 25190.2603 100.7122 138 161 177 0.950 0 204 255
-5940.7720 -7738.6567 -23.5742 219 220 222 0.950 0 204 255
17795.6655 15064.9670 53.8525 217 221 222 0.950 0 204 255
4706.5614 2738.9066 19.3468 219 220 224 0.950 0 204 255
3634.9017 2363.6300 16.5384 222 223 227 0.950 0 204 255
-13348.4222 -12642.7999 -52.0240 218 225 231 0.950 0 204 255
3779.6138 2457.5619 16.7086 220 225 229 0.950 0 204 255
4463.8980 3284.2018 19.3456 221 222 227 0.950 0 204 255
-3512.7736 -3567.1613 -7.1048 217 226 231 0.950 0 204 255
-3272.0499 -3255.8227 -3.0634 218 221 226 0.950 0 204 255
6404.6027 5900.5766 33.8246 217 222 225 0.950 0 204 255
16735.6511 12373.4413 45.3858 220 221 223 0.950 0 204 255
4657.3174 3948.2851 22.5593 219 222 227 0.950 0 204 255
3572.4008 3361.0645 22.7542 222 223 227 0.950 0 204 255
3965.8235 3752.8339 24.2733 219 222 227 0.950 0 204 255
-9157.8953 -8952.5862 -44.2265 223 222 227 0.950 0 204 255
27237.1436 21752.3267 121.5076 220 221 223 0.950 0 204 255
3700.1228 1889.1842 14.8005 220 221 225 0.950 0 204 255
3033.9075 2106.4635 15.9034 220 221 226 0.950 0 204 255
4314.4684 3205.1565 21.0400 217 221 224 0.950 0 204 255
6308.4906 4428.3657 22.6075 218 219 224 0.950 0 204 255
31740.9290 28329.2054 112.4283 142 160 174 0.950 0 204 255
-1969.3557 -3411.6611 -6.9290 218 221 226 0.950 0 204 255
-9163.6046 -6731.3289 -9.1104 218 222 225 0.950 0 204 255
-10199.1224 -11455.6658 -30.0225 217 221 222 0.950 0 204 255
-1291.4241 -2817.6240 -3.7371 96 118 106 0.950 0 204 255
1831.0193 1106.9568 11.8563 98 117 111 0.950 0 204 255
-8093.7695 -9464.0595 -27.6375 221 222 227 0.950 0 204 255
-2444.5749 -3132.4005 -3.2496 217 221 224 0.950 0 204 255
2355.6279 1704.8891 18.0209 216 220 223 0.950 0 204 255
7989.4001 8149.1224 49.0752 220 221 223 0.950 0 204 255
-3295.2110 -4624.0321 -10.7358 218 222 223 0.950 0 204 255
2899.1515 1171.5713 11.1760 102 111 118 0.950 0 204 255
-1966.5736 -3395.9651 -6.9550 222 223 227 0.950 0 204 255
-2127.5970 -3024.7967 -2.6442 220 224 223 0.950 0 204 255
-3310.4336 -3967.9277 -4.7236 214 218 219 0.950 0 204 255
6045.8441 3922.6433 24.4523 140 163 181 0.950 0 204 255
1854.9267 1131.0130 11.9414 107 109 122 0.950 0 204 255
-4893.0404 -5711.2440 -22.4521 216 217 221 0.950 0 204 255
4611.4946 2772.4481 17.6093 108 111 118 0.950 0 204 255
-9259.8221 -9029.3620 -44.7478 223 222 227 0.950 0 204 255
-8544.8463 -8490.4808 -41.0900 219 220 224 0.950 0 204 255
29631.7325 23784.6003 132.2948 219 220 222 0.950 0 204 255
3718.6122 1905.4470 14.8765 220 219 224 0.950 0 204 255
2654.9519 2017.2808 17.1988 142 161 178 0.950 0 204 255
1443.6775 1725.3131 17.7486 217 227 236 0.950 0 204 255
-5206.2962 -6001.0743 -23.5512 221 224 231 0.950 0 204 255
-5749.6424 -5413.9139 -11.6614 218 221 226 0.950 0 204 255
5743.7283 3976.5783 21.2197 220 223 228 0.950 0 204 255
4428.4552 3277.2502 19.2719 218 221 226 0.950 0 204 255
-9014.5703 -8882.4161 -43.2406 220 221 225 0.950 0 204 255
-3249.8388 -4511.1862 -12.8450 141 159 179 0.950 0 204 255
-1970.9106 -3409.2640 -7.0101 222 223 227 0.950 0 204 255
-37080.9596 -37133.9265 -118.9112 220 224 227 0.950 0 204 255
-3453.3395 -4826.3241 -11.5403 218 222 225 0.950 0 204 255
12194.3356 10456.7102 34.3313 97 119 107 0.950 0 204 255
-11209.4797 -9572.9378 -29.6004 217 224 232 0.950 0 204 255
-2701.5191 -3356.1932 -3.2310 220 224 227 0.950 0 204 255
2834.2624 1135.4197 11.1206 97 118 109 0.950 0 204 255
4640.4261 2669.7897 19.1231 215 220 223 0.950 0 204 255
-8968.9548 -12642.2507 -42.5359 214 218 219 0.950 0 204 255
-7497.6278 -7371.6014 -36.9307 103 112 121 0.950 0 204 255
4697.1787 2709.2364 19.2298 218 222 225 0.950 0 204 255
3721.2867 1893.5771 14.8466 220 221 223 0.950 0 204 255
29953.2553 23810.5867 132.9603 216 220 223 0.950 0 204 255
4708.5512 2716.5533 19.3025 215 220 223 0.950 0 204 255
4646.8377 2793.5998 17.5911 222 223 227 0.950 0 204 255
28328.2822 22565.8759 127.6195 214 219 225 0.950 0 204 255
4626.3913 2659.4814 19.1473 218 223 227 0.950 0 204 255
3689.7754 1873.3565 14.8654 107 112 118 0.950 0 204 255
-23117.2819 -21874.5003 -98.3626 210 220 230 0.950 0 204 255
-3377.5549 -4621.1207 -13.4616 138 160 181 0.950 0 204 255
-2412.9102 -3769.7135 -9.4377 221 222 224 0.950 0 204 255
-7054.9349 -8285.0628 -22.9220 219 220 224 0.950 0 204 255
-2569.4713 -4032.9623 -7.7802 218 222 225 0.950 0 204 255
24106.7330 18991.8975 108.2121 219 224 228 0.950 0 204 255
4576.8730 2614.8045 18.9165 219 224 228 0.950 0 204 255
9245.0261 9721.7238 59.9717 218 222 231 0.950 0 204 255
-1976.4978 -3413.8957 -7.0402 222 223 227 0.950 0 204 255
-1935.2993 -3379.7067 -6.8183 219 220 224 0.950 0 204 255
-1204.4740 -1386.4248 3.5054 217 221 224 0.950 0 204 255
4593.7485 2630.9527 18.9725 219 224 228 0.950 0 204 255
-10271.8680 -10148.3088 -47.4344 145 159 172 0.950 0 204 255
5718.0725 3652.9823 23.2949 141 157 172 0.950 0 204 255
-1703.8935 -2149.4940 -1.8070 217 218 222 0.950 0 204 255
3684.2136 1867.7279 14.7791 216 220 223 0.950 0 204 255
-3137.7804 -3207.1942 -5.5191 215 220 223 0.950 0 204 255
10963.8695 12490.3366 63.6182 220 221 225 0.950 0 204 255
-3899.5627 -4245.0980 -5.8643 218 222 223 0.950 0 204 255
-1289.4585 -2814.4082 -3.7356 100 119 113 0.950 0 204 255
-1804.7562 -2369.8926 0.6126 214 218 219 0.950 0 204 255
-7325.7155 -7310.1359 -36.6556 97 117 106 0.950 0 204 255
-9670.1881 -9690.7037 -44.4505 141 160 177 0.950 0 204 255
6154.7003 4277.8469 22.2036 104 108 117 0.950 0 204 255
30904.4629 27494.1470 110.4413 139 160 179 0.950 0 204 255
-1920.6341 -3366.3381 -6.7905 218 219 221 0.950 0 204 255
-3317.1546 -4697.2897 -11.1296 217 220 225 0.950 0 204 255
-1666.4418 -3161.0132 -5.2056 220 225 231 0.950 0 204 255
-2681.2245 -2758.5001 0.2840 219 220 224 0.950 0 204 255
-1298.7196 -2829.1560 -3.7986 100 119 113 0.950 0 204 255
-15205.7038 -9208.3422 -6.1401 105 115 117 0.950 0 204 255
6539.0740 4484.8496 25.4235 222 223 225 0.950 0 204 255
-7829.7115 -8604.6083 -30.7358 215 219 220 0.950 0 204 255
10870.3678 8593.4118 39.6150 219 220 222 0.950 0 204 255
7289.5079 4870.4150 30.8964 216 220 223 0.950 0 204 255
3718.0969 1889.4991 14.8482 215 219 222 0.950 0 204 255
9349.8746 7369.9852 31.4742 219 220 222 0.950 0 204 255
6416.9393 4372.0552 25.1153 214 218 221 0.950 0 204 255
-4634.3857 -5855.6129 -16.9880 219 220 225 0.950 0 204 255
36362.2124 32961.0382 124.7432 219 223 226 0.950 0 204 255
9777.8381 7809.6538 32.9811 106 109 114 0.950 0 204 255
-1587.0164 -3086.1678 -4.9723 219 220 222 0.950 0 204 255
-4663.2550 -6065.2623 -13.8610 218 220 219 0.950 0 204 255
6273.0133 4252.5497 24.3692 223 224 228 0.950 0 204 255
3566.3947 1806.1808 14.5968 220 223 228 0.950 0 204 255
-1642.9509 -2102.9405 -1.6393 221 222 224 0.950 0 204 255
10708.7530 8467.3725 39.2476 218 222 225 0.950 0 204 255
35497.0283 31818.8721 125.7871 138 161 179 0.950 0 204 255
33709.4596 30412.6844 115.4232 218 222 225 0.950 0 204 255
32220.2051 25729.9442 143.0013 220 221 223 0.950 0 204 255
6461.7575 4392.3063 25.0606 216 217 219 0.950 0 204 255
-4812.5342 -5993.1303 -17.5596 218 222 223 0.950 0 204 255
-14019.2994 -14649.9641 -49.2096 219 220 222 0.950 0 204 255
22341.1646 18646.2847 68.8469 220 224 227 0.950 0 204 255
-1340.9386 -2886.5746 -4.0284 105 112 120 0.950 0 204 255
6959.6697 4616.5798 29.8012 220 223 228 0.950 0 204 255
-20149.1575 -19303.4544 -85.1229 214 221 227 0.950 0 204 255
5050.5771 5613.8484 29.4806 219 223 224 0.950 0 204 255
5869.3911 3760.7516 23.7970 142 159 175 0.950 0 204 255
-4817.8483 -5616.0580 -21.7975 217 216 221 0.950 0 204 255
-22665.4514 -21380.6313 -95.0741 212 217 221 0.950 0 204 255
6560.0165 4481.5070 25.4358 216 217 219 0.950 0 204 255
-4852.2088 -6030.3350 -17.6952 218 222 223 0.950 0 204 255
-8953.8873 -8786.3471 -43.3929 223 220 227 0.950 0 204 255
-3311.5194 -4485.6546 -14.1974 217 218 223 0.950 0 204 255
-14228.9372 -14922.3417 -50.0267 218 222 223 0.950 0 204 255
-10238.0290 -11495.6135 -30.1803 217 221 222 0.950 0 204 255
-4977.8649 -5886.2668 -23.3929 220 221 223 0.950 0 204 255
-2520.3406 -3893.9378 -10.2000 110 110 118 0.950 0 204 255
8768.2526 5674.4277 25.7379 217 218 222 0.950 0 204 255
31540.8271 28251.2200 112.4372 141 160 175 0.950 0 204 255
5881.4137 3793.3077 23.9263 140 161 180 0.950 0 204 255
-3256.4321 -4512.6996 -12.8590 138 160 181 0.950 0 204 255
-8435.4352 -8314.8545 -40.2107 221 220 225 0.950 0 204 255
-3390.8161 -4616.8703 -13.3400 141 159 179 0.950 0 204 255
30493.9661 27273.8722 104.3310 218 222 223 0.950 0 204 255
-1609.5698 -3099.5131 -5.0309 216 217 221 0.950 0 204 255
34015.5152 30299.1969 120.5763 139 160 179 0.950 0 204 255
-14510.9329 -15112.6783 -50.9031 220 221 223 0.950 0 204 255
32258.0126 28934.7878 110.4119 218 222 223 0.950 0 204 255
6064.9940 3972.1515 24.6490 138 161 179 0.950 0 204 255
5759.1480 3753.9210 23.8899 138 160 181 0.950 0 204 255
2348.1570 1698.5225 18.0238 219 224 228 0.950 0 204 255
-8829.2209 -8601.9609 -44.9567 96 117 110 0.950 0 204 255
31968.1519 28390.0131 113.2611 138 161 179 0.950 0 204 255
-9690.9913 -9574.9424 -50.9618 97 117 106 0.950 0 204 255
13196.0705 10385.2298 53.3591 215 223 226 0.950 0 204 255
3560.8775 1788.3527 14.5444 219 222 227 0.950 0 204 255
-3367.6847 -4590.4007 -14.7827 222 223 228 0.950 0 204 255
-3573.3007 -4851.6164 -14.4819 141 159 181 0.950 0 204 255
-22506.4659 -21226.5524 -94.5433 212 217 221 0.950 0 204 255
-3244.8882 -4412.9605 -13.6862 219 220 224 0.950 0 204 255
-2460.0536 -3795.1693 -9.5770 220 221 225 0.950 0 204 255
14371.2752 11381.3763 57.5371 213 217 218 0.950 0 204 255
21239.6332 18973.9776 67.0461 106 109 116 0.950 0 204 255
-10220.2730 -10025.1218 -51.1413 219 216 225 0.950 0 204 255
-7008.2797 -6879.1809 -34.1623 99 120 113 0.950 0 204 255
27596.4648 22295.6325 125.7006 220 223 228 0.950 0 204 255
-10891.7909 -10744.1516 -50.9200 148 158 170 0.950 0 204 255
5633.0816 3597.7820 23.1465 142 159 175 0.950 0 204 255
-3265.8204 -4543.9676 -13.0198 143 159 175 0.950 0 204 255
-8057.3419 -8837.3746 -32.1116 209 219 228 0.950 0 204 255
1798.2247 1815.3834 17.1150 212 226 237 0.950 0 204 255
4113.8785 4053.1927 26.2147 220 221 226 0.950 0 204 255
-2137.2170 -3028.1121 -2.5744 218 221 226 0.950 0 204 255
-9707.1975 -9595.8415 -44.4466 145 159 172 0.950 0 204 255
3707.5167 1905.3894 14.9512 222 223 228 0.950 0 204 255
-7458.4264 -7001.9816 -12.6586 222 223 227 0.950 0 204 255
10864.7993 8581.3759 39.6831 218 222 225 0.950 0 204 255
-3390.8159 -4616.8703 -13.3400 141 159 179 0.950 0 204 255
7949.8647 5267.6445 32.6872 220 223 228 0.950 0 204 255
-12511.3214 -12325.5568 -58.9673 139 160 177 0.950 0 204 255
-4572.3873 -5742.7744 -16.4004 221 222 226 0.950 0 204 255
2319.3796 2539.1270 19.4915 220 224 227 0.950 0 204 255
-10800.1943 -10693.3446 -54.9202 223 220 227 0.950 0 204 255
-8069.7376 -8816.9970 -31.7212 215 220 223 0.950 0 204 255
19146.9885 16893.7456 60.3617 217 218 222 0.950 0 204 255
-1614.7045 -3126.3633 -5.2196 215 219 222 0.950 0 204 255
4682.1549 2735.0980 19.4488 220 223 228 0.950 0 204 255
4264.7626 3110.0491 20.5946 221 222 224 0.950 0 204 255
-2422.9552 -3732.1110 -9.2595 220 221 225 0.950 0 204 255
-9986.0982 -9902.3943 -45.9529 143 159 174 0.950 0 204 255
28059.7645 25078.8808 101.8228 141 159 181 0.950 0 204 255
-3185.5927 -3832.4308 -4.2938 217 221 224 0.950 0 204 255
-43220.4531 -43381.3815 -140.3585 216 220 221 0.950 0 204 255
-3487.6411 -4687.6258 -15.1869 221 222 227 0.950 0 204 255
-10780.2695 -10598.4457 -54.1804 219 217 222 0.950 0 204 255
-2426.6633 -3100.3798 -3.1803 221 222 226 0.950 0 204 255
-12826.2760 -12739.0461 -61.7892 145 158 174 0.950 0 204 255
-1949.3090 -3413.8560 -7.0736 221 222 226 0.950 0 204 255
-2502.8643 -3895.9232 -10.0717 221 222 224 0.950 0 204 255
18414.3424 14667.4575 71.3338 220 222 219 0.950 0 204 255
-2525.6809 -3925.1228 -10.3151 221 222 226 0.950 0 204 255
-1982.6179 -3459.6998 -7.3122 221 222 226 0.950 0 204 255
-7157.5390 -7220.7589 -33.7211 219 222 227 0.950 0 204 255
40358.1089 36492.7893 136.8721 219 223 226 0.950 0 204 255
39616.7372 35413.9308 132.3274 216 220 221 0.950 0 204 255
-1628.6971 -3146.1448 -5.2644 222 223 225 0.950 0 204 255
5882.7309 4070.0942 21.4629 215 219 222 0.950 0 204 255
8515.5527 6656.0588 29.3032 108 111 118 0.950 0 204 255
-1624.1151 -3146.6524 -5.3092 220 221 225 0.950 0 204 255
4499.3956 2710.6142 17.3408 219 218 223 0.950 0 204 255
-6579.0678 -7713.1197 -20.7249 218 219 221 0.950 0 204 255
17281.5657 15259.9744 55.3865 217 218 222 0.950 0 204 255
9256.5091 11726.2813 74.3250 222 223 225 0.950 0 204 255
-5193.7578 -6109.8735 -24.5353 219 219 219 0.950 0 204 255
-5274.8494 -6206.6925 -25.2516 220 221 225 0.950 0 204 255
-3438.4235 -4692.2127 -15.3082 222 223 228 0.950 0 204 255
-16235.8185 -15379.7674 -65.4976 217 221 224 0.950 0 204 255
-13113.3274 -13590.6790 -44.8853 221 220 226 0.950 0 204 255
-2599.6103 -4013.3188 -7.6386 219 223 226 0.950 0 204 255
-2290.4778 -3531.9385 -8.1757 218 222 225 0.950 0 204 255
-3442.0660 -4798.0157 -11.5092 216 220 221 0.950 0 204 255
-28818.3003 -29233.5111 -91.9939 216 220 223 0.950 0 204 255
-4687.2303 -5787.2813 -16.6158 105 110 113 0.950 0 204 255
-3301.8905 -4615.5697 -10.6779 217 221 222 0.950 0 204 255
-2928.7243 -2982.0250 -0.3961 221 222 226 0.950 0 204 255
-2683.5522 -2718.1555 0.6711 220 224 227 0.950 0 204 255
3857.4145 2366.5237 18.4697 224 223 228 0.950 0 204 255
-14826.5935 -15041.8407 -65.4793 219 224 228 0.950 0 204 255
-4223.2464 -4171.3411 -6.0810 219 222 227 0.950 0 204 255
6629.8821 7196.3566 47.4393 215 226 232 0.950 0 204 255
3655.8646 2832.7359 19.0229 223 224 228 0.950 0 204 255
9703.2369 6613.2334 27.8607 223 223 225 0.950 0 204 255
8267.7163 5630.7371 25.1768 222 223 227 0.950 0 204 255
26924.3716 20766.8914 67.8629 221 222 226 0.950 0 204 255
3549.3119 3706.1316 26.8621 221 222 227 0.950 0 204 255
-6644.8300 -5946.3639 -7.8251 222 223 227 0.950 0 204 255
-4396.0631 -4677.7613 -18.3495 220 224 227 0.950 0 204 255
2910.4674 1559.2642 14.3199 224 225 229 0.950 0 204 255
-4879.4176 -5222.7873 -19.6732 147 158 176 0.950 0 204 255
2280.2549 1655.4058 15.5875 220 221 225 0.950 0 204 255
-32950.0373 -31698.5590 -121.3982 211 220 229 0.950 0 204 255
-28988.2128 -22701.5416 -65.0912 220 224 227 0.950 0 204 255
5316.9463 3913.2976 21.7319 219 220 224 0.950 0 204 255
-19843.3283 -14440.3024 -26.6140 221 222 224 0.950 0 204 255
-1233.3009 -2333.6269 -1.6998 222 223 227 0.950 0 204 255
-1233.7062 -2336.5926 -1.6509 224 225 229 0.950 0 204 255
1809.2694 2106.0073 19.7563 224 225 227 0.950 0 204 255
-5653.4693 -6698.9652 -13.8608 217 221 222 0.950 0 204 255
11510.1451 10278.3859 35.1519 97 116 110 0.950 0 204 255
13950.5196 15879.3834 74.3088 219 220 224 0.950 0 204 255
-2462.5251 -1920.1304 2.3204 217 221 222 0.950 0 204 255
2899.3485 1543.0465 14.3043 219 221 220 0.950 0 204 255
18457.2433 15573.3871 76.3369 219 219 219 0.950 0 204 255
-24188.6772 -23554.4918 -88.1626 214 214 214 0.950 0 204 255
-4087.7019 -5086.7255 -10.5135 217 218 220 0.950 0 204 255
-2885.3641 -3973.9707 -5.8322 220 221 223 0.950 0 204 255
-3410.3842 -3753.7922 -1.6919 220 222 221 0.950 0 204 255
-1651.0446 -2762.5669 -2.2449 218 222 225 0.950 0 204 255
-2900.9292 -3982.0236 -5.8362 219 220 222 0.950 0 204 255
-6578.7603 -4164.9422 5.7211 103 112 119 0.950 0 204 255
-2094.9999 -2671.8415 0.5140 218 222 225 0.950 0 204 255
-2031.5126 -3016.3890 -5.4139 138 161 179 0.950 0 204 255
9118.4212 7635.0843 33.4253 218 219 221 0.950 0 204 255
-1006.5770 -2144.8327 -0.4433 219 220 222 0.950 0 204 255
-1624.7488 -2744.8122 -2.1857 218 222 225 0.950 0 204 255
-4429.5896 -4701.4766 -18.5208 220 224 227 0.950 0 204 255
-4189.2247 -4531.2253 -17.2915 223 224 226 0.950 0 204 255
2926.8902 1573.8090 14.3863 223 224 228 0.950 0 204 255
-2895.1385 -3630.7039 -10.3864 220 221 225 0.950 0 204 255
5474.8024 3975.1739 21.7344 220 220 228 0.950 0 204 255
-3415.5278 -2740.7041 1.6002 142 159 175 0.950 0 204 255
5636.3846 5567.9223 34.4271 222 223 228 0.950 0 204 255
34865.6211 27042.6466 84.6649 219 222 227 0.950 0 204 255
-602.8510 -783.0455 7.4386 220 224 227 0.950 0 204 255
11352.3295 10122.6353 34.6963 96 123 108 0.950 0 204 255
1372.0061 865.2526 12.4461 99 116 110 0.950 0 204 255
-4361.1943 -4675.0571 -18.0530 224 225 227 0.950 0 204 255
4867.3923 3282.8616 22.4115 143 159 175 0.950 0 204 255
3371.0320 2638.3733 20.1730 217 221 224 0.950 0 204 255
-1961.2304 -2956.3305 -5.0685 141 160 177 0.950 0 204 255
-2428.0539 -2799.5951 0.1372 222 223 225 0.950 0 204 255
-820.5865 -1975.3682 0.3461 93 119 106 0.950 0 204 255
-1770.4953 -2169.2954 1.2877 221 222 224 0.950 0 204 255
-2152.3360 -3247.5286 -4.7278 216 220 221 0.950 0 204 255
3758.4848 2372.9630 16.8919 221 221 223 0.950 0 204 255
5237.7347 3819.1572 21.3952 221 222 227 0.950 0 204 255
-836.3440 -1987.4223 0.3225 106 110 122 0.950 0 204 255
-3674.3579 -4009.1804 -15.5380 97 117 108 0.950 0 204 255
-4327.8201 -4622.6973 -18.1031 217 218 220 0.950 0 204 255
3782.8327 2292.6150 18.2692 214 219 223 0.950 0 204 255
-4693.1425 -5093.2001 -18.7382 144 163 178 0.950 0 204 255
-2740.5426 -3485.3691 -9.8775 218 219 223 0.950 0 204 255
-8564.5671 -8691.9642 -33.5039 211 221 231 0.950 0 204 255
3736.5994 2250.6893 18.0571 219 224 228 0.950 0 204 255
1336.0018 1631.1396 19.3846 220 224 227 0.950 0 204 255
-1698.4572 -1921.0899 0.7611 223 224 226 0.950 0 204 255
-1236.5480 -2336.2807 -1.7180 222 223 227 0.950 0 204 255
-1212.5690 -2316.6573 -1.5833 223 224 226 0.950 0 204 255
3752.2653 2265.7093 18.1106 219 224 228 0.950 0 204 255
11179.4633 15274.7579 101.3530 220 221 225 0.950 0 204 255
5685.2107 4110.7681 24.7034 219 220 222 0.950 0 204 255
8770.7806 7294.0561 32.1919 215 217 216 0.950 0 204 255
-3692.0269 -3979.6045 -15.2827 102 113 115 0.950 0 204 255
1373.9240 867.1724 12.4639 103 113 115 0.950 0 204 255
3865.6472 2354.2537 18.4176 217 218 220 0.950 0 204 255
2937.1170 1570.6036 14.3820 220 221 223 0.950 0 204 255
11161.5428 9305.5929 43.2794 219 222 227 0.950 0 204 255
-25675.7249 -26336.3448 -72.4132 220 222 221 0.950 0 204 255
6357.8816 4474.9472 29.6761 220 224 227 0.950 0 204 255
5547.6630 3983.3457 24.3204 216 220 223 0.950 0 204 255
5164.1330 3763.1723 21.3092 218 218 226 0.950 0 204 255
-1204.0435 -2308.8818 -1.5698 216 217 219 0.950 0 204 255
-5676.5282 -6722.8411 -13.9549 217 221 222 0.950 0 204 255
-1056.6636 -2192.2893 -0.5878 218 222 225 0.950 0 204 255
11928.6061 16553.5489 109.7617 220 220 222 0.950 0 204 255
-7935.4795 -8155.6762 -30.6107 214 219 225 0.950 0 204 255
-2537.3555 -2560.4018 1.2950 216 217 221 0.950 0 204 255
-1223.7488 -2318.4458 -1.6377 222 223 227 0.950 0 204 255
-3756.6687 -4037.4742 -15.5472 104 111 119 0.950 0 204 255
6833.5766 4854.9811 31.3487 219 221 220 0.950 0 204 255
5247.1585 3601.3988 23.7645 139 160 181 0.950 0 204 255
19464.7464 16391.2203 79.9998 219 220 222 0.950 0 204 255
-1217.1750 -2313.1397 -1.6010 219 220 222 0.950 0 204 255
5227.3669 3614.9385 23.8210 139 160 181 0.950 0 204 255
5387.1171 3846.9763 23.5429 218 221 226 0.950 0 204 255
11606.6205 11179.2233 54.6007 216 220 223 0.950 0 204 255
-3494.1547 -3816.5568 -1.8315 222 223 227 0.950 0 204 255
-3915.0317 -4175.7512 -16.5891 97 117 108 0.950 0 204 255
10803.6823 9005.3645 42.1508 220 221 226 0.950 0 204 255
-4094.1981 -4405.6686 -16.6221 217 219 218 0.950 0 204 255
2934.6618 1567.3416 14.3831 219 221 220 0.950 0 204 255
5740.7249 4139.9376 24.8351 218 222 223 0.950 0 204 255
-2835.7618 -3793.2365 -7.6030 218 222 225 0.950 0 204 255
-861.9473 -2022.9207 0.1298 110 107 124 0.950 0 204 255
3799.8402 2305.7353 18.2672 217 221 224 0.950 0 204 255
5046.2845 3438.1610 23.0990 139 160 179 0.950 0 204 255
22952.8670 22731.6586 116.2205 220 225 228 0.950 0 204 255
-6358.7701 -6068.4591 -9.9507 219 218 223 0.950 0 204 255
-1014.6857 -2147.1292 -0.4582 220 221 223 0.950 0 204 255
-831.4507 -1982.2618 0.3235 104 111 119 0.950 0 204 255
3877.9846 2362.7266 18.4875 217 221 224 0.950 0 204 255
-1017.0403 -2149.0904 -0.4716 220 221 223 0.950 0 204 255
-1485.6075 -2535.6523 -3.1433 216 216 216 0.950 0 204 255
-2746.0374 -3727.1455 -7.3433 218 219 224 0.950 0 204 255
-2048.8278 -3119.5114 -4.1508 219 223 224 0.950 0 204 255
-2460.1754 -1916.6388 2.3041 217 218 220 0.950 0 204 255
-2814.9588 -3773.5782 -7.5331 212 217 221 0.950 0 204 255
2902.9214 1546.8780 14.3710 221 222 226 0.950 0 204 255
16121.3990 13461.5523 67.4625 213 222 229 0.950 0 204 255
3713.4865 2341.4646 16.8586 221 222 227 0.950 0 204 255
-2858.0535 -3951.9251 -5.7394 216 217 221 0.950 0 204 255
-4932.4510 -5226.9905 -21.8947 217 218 220 0.950 0 204 255
-2039.5737 -3009.8554 -6.3156 221 222 227 0.950 0 204 255
4752.3609 3199.1162 22.1377 143 159 175 0.950 0 204 255
-4771.8535 -5129.4852 -19.0987 144 160 176 0.950 0 204 255
1592.5897 1571.9267 18.6493 216 221 225 0.950 0 204 255
11155.6765 9307.7671 43.1704 216 217 221 0.950 0 204 255
-4124.1601 -4426.3224 -16.7733 217 221 222 0.950 0 204 255
-2667.1844 -3405.0351 -9.3418 221 220 225 0.950 0 204 255
-21952.8474 -21396.8550 -79.3503 221 220 218 0.950 0 204 255
-28486.3911 -27549.5551 -104.9645 222 227 231 0.950 0 204 255
-21952.4394 -22752.9476 -61.6172 220 221 225 0.950 0 204 255
5872.5900 4052.7142 25.4310 139 160 181 0.950 0 204 255
-2850.1647 -3644.7895 -10.7434 219 219 219 0.950 0 204 255
-2680.7933 -3414.7961 -9.4122 221 220 225 0.950 0 204 255
25959.7996 24047.5949 84.3422 219 221 220 0.950 0 204 255
-1970.5548 -2911.8274 -5.7875 217 218 223 0.950 0 204 255
-6924.1496 -7710.1904 -21.5470 221 222 224 0.950 0 204 255
-34108.4630 -43322.4407 -164.1144 221 222 226 0.950 0 204 255
-4139.7939 -4442.1800 -18.5556 92 121 101 0.950 0 204 255
-38059.3358 -32977.4871 -162.2082 219 223 226 0.950 0 204 255
-829.6817 -1987.2111 0.2906 104 111 119 0.950 0 204 255
-1961.8746 -2953.9498 -5.0620 138 161 179 0.950 0 204 255
-4268.7069 -5015.7965 -13.9970 210 215 219 0.950 0 204 255
-2025.0119 -2999.6927 -5.2724 139 160 179 0.950 0 204 255
-1502.3696 -2539.2382 -3.1754 221 221 221 0.950 0 204 255
-6910.7054 -7658.4714 -21.4120 213 217 218 0.950 0 204 255
5939.8176 4185.4999 28.6199 221 222 226 0.950 0 204 255
-2092.4659 -2213.5323 2.0087 223 224 228 0.950 0 204 255
-4845.3433 -7295.4376 -22.1516 218 222 225 0.950 0 204 255
-971.0923 -1047.1758 6.9130 220 221 225 0.950 0 204 255
-1502.3696 -2539.2381 -3.1754 221 221 221 0.950 0 204 255
-1571.8485 -2632.4820 -3.7103 106 110 113 0.950 0 204 255
2978.2318 1606.4242 14.5235 221 222 226 0.950 0 204 255
-1230.7453 -2344.2943 -1.7384 217 218 220 0.950 0 204 255
-1921.6159 -2859.3499 -5.4336 216 217 221 0.950 0 204 255
-4304.9578 -5067.5305 -14.3986 210 220 229 0.950 0 204 255
3007.2212 1588.0803 14.3611 220 224 227 0.950 0 204 255
-2888.4053 -3896.2970 -8.1280 220 223 228 0.950 0 204 255
5632.4081 4041.0168 24.4235 220 221 223 0.950 0 204 255
-1565.0161 -2142.2393 1.3850 217 218 220 0.950 0 204 255
-4404.2007 -4354.5397 -3.2616 217 218 220 0.950 0 204 255
8686.6503 7188.0821 31.8816 215 216 218 0.950 0 204 255
15755.9855 13346.5037 67.3969 222 223 225 0.950 0 204 255
3986.3778 2455.5943 18.8609 221 222 227 0.950 0 204 255
-76847.6118 -59051.9077 -183.8832 220 221 226 0.950 0 204 255
-1567.6906 -2637.0837 -3.7141 221 222 224 0.950 0 204 255
-1984.2479 -2989.5065 -5.2359 141 160 177 0.950 0 204 255
-4771.1721 -5110.4417 -18.7996 137 158 175 0.950 0 204 255
1764.9863 2047.3126 19.5673 215 219 218 0.950 0 204 255
-31705.7696 -30900.4637 -119.8800 218 222 225 0.950 0 204 255
-1239.2126 -2356.0805 -1.8208 219 221 220 0.950 0 204 255
-4171.5337 -5208.3930 -11.1308 219 220 224 0.950 0 204 255
-1037.5163 -2183.9223 -0.6542 218 219 221 0.950 0 204 255
30777.2081 28826.6977 99.7168 221 222 226 0.950 0 204 255
-1960.8821 -2874.9983 -5.4977 218 221 226 0.950 0 204 255
-5643.4158 -6021.2732 -24.4080 146 155 172 0.950 0 204 255
-2025.0120 -2999.6927 -5.2724 139 160 179 0.950 0 204 255
-1936.6731 -2870.6308 -5.5137 220 221 226 0.950 0 204 255
-4639.6605 -5441.9479 -16.1576 214 222 225 0.950 0 204 255
-21052.6602 -20495.4477 -74.8544 216 220 223 0.950 0 204 255
-1957.7351 -2894.1312 -4.6628 139 160 179 0.950 0 204 255
-4222.8751 -4520.5506 -15.2611 139 160 181 0.950 0 204 255
-4223.6671 -4642.3490 -18.2230 221 222 224 0.950 0 204 255
-5742.7816 -6145.3689 -25.0915 147 158 176 0.950 0 204 255
-1040.7204 -2202.2328 -0.7332 220 221 223 0.950 0 204 255
38800.4689 36544.2275 140.5343 219 223 226 0.950 0 204 255
-22274.2268 -22780.3640 -60.8926 217 218 222 0.950 0 204 255
-7786.4271 -8588.5334 -25.4403 107 110 117 0.950 0 204 255
-1700.8146 -2832.2573 -2.5746 216 220 223 0.950 0 204 255
-982.5001 -1366.0522 3.1536 223 223 225 0.950 0 204 255
-3992.0483 -4253.8139 -15.6379 217 221 222 0.950 0 204 255
-9689.1555 -9864.5884 -39.2172 217 218 220 0.950 0 204 255
-20881.8371 -15100.9342 -28.0050 215 216 218 0.950 0 204 255
9074.3780 7449.2670 32.4797 220 220 228 0.950 0 204 255
5496.4919 3994.3132 21.8015 220 221 226 0.950 0 204 255
-58053.9278 -54935.7852 -195.5067 139 160 179 0.950 0 204 255
34998.5247 32460.3394 109.7502 219 220 222 0.950 0 204 255
3256.1455 2527.1935 19.8083 219 222 227 0.950 0 204 255
-1489.9582 -2526.6991 -3.0576 222 222 224 0.950 0 204 255
3952.0213 2501.5152 17.1857 220 220 222 0.950 0 204 255
-1566.4184 -2657.4023 -3.8441 221 222 224 0.950 0 204 255
-3018.0395 -4011.0894 -8.7042 104 109 113 0.950 0 204 255
-2148.1242 -3235.6397 -4.6701 217 221 220 0.950 0 204 255
-10730.5888 -11379.3210 -30.2734 219 220 222 0.950 0 204 255
3051.9231 1976.7591 17.7940 219 220 224 0.950 0 204 255
2034.5037 1455.1927 15.7047 220 224 225 0.950 0 204 255
-3026.8757 -3310.9841 -5.7117 216 226 235 0.950 0 204 255
2129.6138 1522.2706 15.7970 223 224 228 0.950 0 204 255
2598.8642 2102.2136 17.9579 219 223 226 0.950 0 204 255
-1182.6568 -1388.6776 4.7866 216 226 236 0.950 0 204 255
-1341.6892 -1510.7259 5.5204 218 221 226 0.950 0 204 255
6986.1103 7261.9261 44.4851 221 220 226 0.950 0 204 255
2876.4479 2695.4648 21.2991 219 222 229 0.950 0 204 255
2665.2130 2815.7311 24.0990 220 223 228 0.950 0 204 255
3197.3657 3398.4755 26.5980 219 222 227 0.950 0 204 255
-2180.7851 -2543.4268 -4.9613 219 224 228 0.950 0 204 255
-11313.3817 -10414.1317 -43.8497 220 221 223 0.950 0 204 255
2181.6382 1227.5030 14.0893 220 221 225 0.950 0 204 255
-2412.9969 -2815.3209 -5.5946 142 159 175 0.950 0 204 255
4067.1306 2900.9849 21.7556 144 156 170 0.950 0 204 255
1604.0390 1223.7546 15.4010 220 221 225 0.950 0 204 255
2500.2607 2064.9189 19.2842 219 220 224 0.950 0 204 255
-8836.8204 -9046.4086 -27.7331 212 222 231 0.950 0 204 255
4367.8794 3374.7972 21.0249 216 220 223 0.950 0 204 255
-18786.8356 -18730.3530 -60.7185 142 159 175 0.950 0 204 255
-7435.6426 -5668.2661 -1.8051 218 222 225 0.950 0 204 255
13365.2823 16244.4540 82.7537 220 223 228 0.950 0 204 255
-1326.8055 -2906.1784 -5.7180 218 222 225 0.950 0 204 255
-3096.6337 -3880.7948 -3.6409 219 220 222 0.950 0 204 255
-487.9500 -1311.6388 4.0079 95 119 103 0.950 0 204 255
11375.4426 10588.5771 37.5834 100 117 111 0.950 0 204 255
-1118.2794 -1283.7951 7.1698 219 222 227 0.950 0 204 255
-11597.5312 -10599.1941 -45.1034 216 220 223 0.950 0 204 255
-1196.9264 -1377.4775 5.4470 215 220 223 0.950 0 204 255
-1001.0864 -1804.1300 2.4032 216 218 217 0.950 0 204 255
12302.3203 14200.7926 65.5443 216 218 217 0.950 0 204 255
-1850.2296 -2204.8403 -3.5197 102 111 116 0.950 0 204 255
-868.7822 -1412.4602 5.0532 214 218 219 0.950 0 204 255
-3820.2743 -2505.6039 9.8595 105 109 118 0.950 0 204 255
2209.6176 1241.4608 14.1621 214 219 223 0.950 0 204 255
-495.1368 -1316.6302 4.0023 103 114 116 0.950 0 204 255
1583.1781 702.0624 11.6408 107 109 121 0.950 0 204 255
12494.7281 11710.5263 40.7803 106 110 121 0.950 0 204 255
-2193.4103 -2551.6116 -5.0245 219 224 228 0.950 0 204 255
-2101.7867 -2492.0545 -4.5646 219 220 224 0.950 0 204 255
-10473.1498 -9694.6751 -40.2322 219 220 222 0.950 0 204 255
2195.6977 1240.0406 14.1453 219 220 224 0.950 0 204 255
1341.0598 1133.9712 16.3640 146 159 175 0.950 0 204 255
641.8037 876.8166 17.0175 218 227 232 0.950 0 204 255
-1567.4462 -2154.1146 -1.7035 223 224 228 0.950 0 204 255
-2351.7898 -2499.4173 1.3200 217 221 230 0.950 0 204 255
3821.9654 2911.6089 19.6627 220 223 228 0.950 0 204 255
2562.1799 2083.8248 17.8955 218 221 226 0.950 0 204 255
11139.6403 10353.1971 36.9073 97 121 107 0.950 0 204 255
2955.2122 1883.9988 17.4543 220 223 228 0.950 0 204 255
-608.7269 -921.8398 6.3209 217 218 220 0.950 0 204 255
-8033.0837 -6644.4476 -10.1833 221 222 226 0.950 0 204 255
-726.6498 -1518.1209 2.7860 220 224 227 0.950 0 204 255
-1245.8014 -2021.2373 1.2579 218 222 225 0.950 0 204 255
-1955.2902 -2298.6076 -4.1451 97 117 106 0.950 0 204 255
-1309.5149 -1305.6274 5.9127 220 221 223 0.950 0 204 255
-1239.2889 -2012.9727 1.2735 220 221 223 0.950 0 204 255
-2032.6278 -2359.7024 3.4527 220 224 227 0.950 0 204 255
-716.8868 -1504.9765 2.8388 219 223 226 0.950 0 204 255
10525.3397 15584.9670 87.4179 220 224 223 0.950 0 204 255
-1878.6256 -2230.9012 -3.6303 106 109 126 0.950 0 204 255
-10720.2631 -9854.0929 -41.6948 214 219 223 0.950 0 204 255
2983.4518 1909.0216 17.5959 219 222 227 0.950 0 204 255
-1489.9640 -2080.2631 -1.4652 214 218 221 0.950 0 204 255
-1164.0234 -1889.0853 0.7218 139 160 179 0.950 0 204 255
-971.3976 -1776.9771 2.4924 220 221 225 0.950 0 204 255
-12642.1833 -11484.9777 -49.9032 220 223 228 0.950 0 204 255
2940.8815 1870.2532 17.4039 220 223 228 0.950 0 204 255
4160.5754 5095.0796 42.2557 219 222 229 0.950 0 204 255
-728.4492 -1519.5672 2.7754 220 224 227 0.950 0 204 255
-715.1454 -1508.8561 2.8537 217 221 224 0.950 0 204 255
-460.9182 -616.6144 8.9480 219 220 224 0.950 0 204 255
-2173.0489 -2551.6551 -4.8676 220 221 225 0.950 0 204 255
-3950.4863 -4006.2430 -2.5515 219 223 226 0.950 0 204 255
-1126.3119 -1857.1357 0.9101 141 160 177 0.950 0 204 255
-906.6988 -1191.6162 7.0787 220 224 227 0.950 0 204 255
2174.7428 1216.1621 14.0792 214 219 223 0.950 0 204 255
-1086.1869 -1787.6005 0.7011 215 219 222 0.950 0 204 255
-1610.4314 -2332.8184 -0.4559 218 222 223 0.950 0 204 255
6572.6505 4963.4221 32.5474 220 221 223 0.950 0 204 255
-867.5689 -1621.5311 1.9715 217 221 224 0.950 0 204 255
-2051.1752 -2421.3718 -4.1941 214 219 223 0.950 0 204 255
6773.3387 5130.0375 33.4209 215 219 222 0.950 0 204 255
4521.3348 3289.1029 23.3912 141 159 179 0.950 0 204 255
-1092.1755 -1786.7086 0.7266 215 219 222 0.950 0 204 255
-1863.1167 -2240.4477 -3.7876 100 114 115 0.950 0 204 255
-3825.7684 -4182.4825 -10.6705 207 221 230 0.950 0 204 255
-710.4251 -1504.5524 2.8596 216 220 223 0.950 0 204 255
-1202.5126 -1979.7122 1.3824 219 220 225 0.950 0 204 255
-2276.1027 -3027.3743 -1.9391 217 221 224 0.950 0 204 255
-1674.3827 -2470.5793 0.4801 216 220 221 0.950 0 204 255
-8495.5174 -9250.2615 -19.4733 218 222 225 0.950 0 204 255
-629.4322 -1442.0918 3.4416 221 224 229 0.950 0 204 255
-3626.4698 -4016.0244 -9.7310 213 222 227 0.950 0 204 255
-587.4041 -905.2056 6.3704 219 223 224 0.950 0 204 255
1311.7835 1622.9660 19.4167 219 220 224 0.950 0 204 255
1919.2513 2606.3928 23.9708 219 220 222 0.950 0 204 255
-2366.3246 -2774.5841 -5.3400 139 160 179 0.950 0 204 255
1603.1204 1223.4891 15.3861 218 219 221 0.950 0 204 255
-16122.0945 -16165.0639 -51.3263 139 160 179 0.950 0 204 255
4303.4961 4491.4384 28.3165 220 221 223 0.950 0 204 255
-2039.7610 -2414.2509 -4.1379 216 219 224 0.950 0 204 255
-1449.0750 -2033.4496 -1.1636 220 224 225 0.950 0 204 255
-2350.4360 -2750.6998 -5.1049 139 160 181 0.950 0 204 255
-1442.8513 -2029.2784 -1.1314 220 224 225 0.950 0 204 255
-3703.7493 -4054.2497 -9.8809 218 226 229 0.950 0 204 255
5007.5079 3818.9003 24.5876 222 223 227 0.950 0 204 255
13531.1351 11932.0611 54.3728 215 219 222 0.950 0 204 255
-1596.0576 -2310.4727 -0.3900 219 220 222 0.950 0 204 255
-713.2686 -1502.1115 2.8600 215 219 222 0.950 0 204 255
-2154.8257 -2522.8095 -4.8827 218 223 227 0.950 0 204 255
-864.4315 -1626.1056 1.9614 219 223 226 0.950 0 204 255
-599.3099 -1413.4011 3.5269 217 221 222 0.950 0 204 255
-3110.0487 -3894.8031 -3.6961 219 220 222 0.950 0 204 255
4557.9811 3434.1186 22.9575 220 225 229 0.950 0 204 255
-18741.5703 -18837.0684 -58.4024 221 221 223 0.950 0 204 255
3077.1348 1981.8863 17.8068 220 221 223 0.950 0 204 255
13484.8247 11898.5694 54.1039 219 220 224 0.950 0 204 255
-600.3859 -1410.9703 3.5312 220 224 227 0.950 0 204 255
-491.9321 -1313.2421 4.0028 101 113 113 0.950 0 204 255
4317.6107 3309.5792 20.7829 215 219 222 0.950 0 204 255
-1152.8558 -1872.0939 0.8390 139 160 179 0.950 0 204 255
-601.7145 -1412.0639 3.5232 220 224 227 0.950 0 204 255
-854.7965 -1398.3237 5.0907 220 224 227 0.950 0 204 255
-2005.6594 -2330.9206 3.5311 220 224 227 0.950 0 204 255
5988.4378 4482.5925 30.5290 219 224 228 0.950 0 204 255
2176.5976 1218.3932 14.1277 214 219 225 0.950 0 204 255
-1562.3586 -2289.7881 -0.3149 217 221 224 0.950 0 204 255
2093.8729 1163.2690 13.9827 214 219 225 0.950 0 204 255
4268.6294 3077.7645 22.5270 143 160 176 0.950 0 204 255
-1430.2333 -2029.4987 -1.1526 218 219 221 0.950 0 204 255
12485.7187 10992.1820 50.8391 220 221 225 0.950 0 204 255
-1152.8558 -1872.0938 0.8390 139 160 179 0.950 0 204 255
-3560.8863 -4189.6901 -6.9577 218 222 223 0.950 0 204 255
-1505.5139 -1830.5453 4.3939 222 223 227 0.950 0 204 255
-9639.4934 -8880.6965 -36.1414 215 219 222 0.950 0 204 255
39868.7726 35413.3159 164.4242 214 223 230 0.950 0 204 255
4743.2599 3595.0584 23.7994 214 217 222 0.950 0 204 255
-8297.9752 -8541.1490 -25.8268 214 221 227 0.950 0 204 255
4215.0771 3224.2364 20.5799 218 221 226 0.950 0 204 255
-19226.6756 -19115.0113 -62.8703 139 160 179 0.950 0 204 255
-3504.9626 -4157.1277 -6.8391 220 221 225 0.950 0 204 255
-17600.1719 -17759.2853 -54.6753 222 221 226 0.950 0 204 255
8850.5437 7779.8964 35.2216 217 220 225 0.950 0 204 255
-1944.3525 -2279.5897 -4.0242 97 117 106 0.950 0 204 255
7052.9537 5319.3587 34.2010 218 223 227 0.950 0 204 255
4904.7987 3745.1809 24.2888 223 223 225 0.950 0 204 255
2097.1739 1175.6069 14.0200 216 219 224 0.950 0 204 255
-7160.8166 -7446.6683 -21.2049 215 223 225 0.950 0 204 255
-15751.0586 -15740.6110 -49.9191 139 160 181 0.950 0 204 255
-867.5689 -1621.5311 1.9715 217 221 224 0.950 0 204 255
4194.9467 3068.9212 22.7582 139 160 181 0.950 0 204 255
-2374.1843 -3143.7176 -2.4751 215 219 222 0.950 0 204 255
-1124.9646 -1854.0310 0.9215 139 160 179 0.950 0 204 255
-7356.9669 -7636.7853 -21.8574 215 219 220 0.950 0 204 255
2866.7334 1897.7279 16.3135 215 218 223 0.950 0 204 255
-1117.6868 -1816.3597 0.5384 215 219 222 0.950 0 204 255
-3356.5027 -4160.4955 -4.6981 214 218 219 0.950 0 204 255
-10540.6197 -11341.7310 -26.2402 215 218 223 0.950 0 204 255
-2409.9694 -2792.7814 -5.3915 142 159 177 0.950 0 204 255
4881.6945 3703.3507 24.1115 217 217 219 0.950 0 204 255
-16921.0827 -16853.6685 -54.0019 139 160 179 0.950 0 204 255
3090.3465 1991.4814 17.8740 215 219 222 0.950 0 204 255
-2250.3944 -2858.1270 -3.3714 218 222 225 0.950 0 204 255
-18449.6839 -18486.6070 -57.2607 219 220 222 0.950 0 204 255
5272.6374 3931.4687 28.2662 218 223 227 0.950 0 204 255
-1354.1848 -1910.2664 -0.3214 222 223 225 0.950 0 204 255
-1809.6198 -2141.6148 -3.1191 100 120 109 0.950 0 204 255
-11226.3280 -10472.8523 -45.1439 222 223 227 0.950 0 204 255
-1084.5945 -1781.2764 0.7678 215 219 220 0.950 0 204 255
-975.9258 -1423.2849 5.0630 220 224 227 0.950 0 204 255
262.2488 427.0691 15.0674 96 116 107 0.950 0 204 255
29542.5879 26485.8669 126.3797 215 219 222 0.950 0 204 255
4003.9086 3058.7423 20.0909 220 223 228 0.950 0 204 255
833.7565 943.5004 16.5362 213 226 235 0.950 0 204 255
2811.9536 3125.4723 26.3912 218 222 225 0.950 0 204 255
-864.0288 -1406.8069 5.1019 218 222 225 0.950 0 204 255
-719.3120 -1516.3995 2.8057 217 221 224 0.950 0 204 255
4547.8028 3471.0615 23.4193 218 219 223 0.950 0 204 255
-1742.5540 -2550.5244 0.1126 214 218 221 0.950 0 204 255
2186.7430 1239.1789 14.2090 220 223 228 0.950 0 204 255
-829.5766 -1555.4099 2.4041 218 222 225 0.950 0 204 255
1890.9787 1625.8083 16.9398 215 219 220 0.950 0 204 255
11818.1782 10364.0904 48.6881 215 218 223 0.950 0 204 255
-1058.4589 -1725.8512 1.1291 218 222 225 0.950 0 204 255
7097.4526 6125.5350 29.9667 108 111 116 0.950 0 204 255
-1542.7230 -2247.4245 -0.0398 219 223 224 0.950 0 204 255
-7329.2429 -8179.5095 -21.2860 219 224 228 0.950 0 204 255
-19978.7933 -19955.3945 -62.4313 221 221 223 0.950 0 204 255
-3454.9673 -4088.1530 -6.6015 216 221 224 0.950 0 204 255
-1196.1474 -1938.1776 0.4503 139 160 179 0.950 0 204 255
3027.3515 1969.4809 17.8860 220 223 228 0.950 0 204 255
2471.4189 2002.3420 18.9117 221 222 224 0.950 0 204 255
-865.9129 -1605.5158 2.1042 218 222 223 0.950 0 204 255
-2606.7957 -3047.9529 -6.9483 139 160 181 0.950 0 204 255
-2246.1223 -2619.2861 -5.4762 219 224 228 0.950 0 204 255
-4254.8166 -3667.9900 1.8465 219 223 226 0.950 0 204 255
2812.4050 1788.7757 17.2089 219 222 227 0.950 0 204 255
59303.0585 57844.2113 196.4317 219 222 227 0.950 0 204 255
-592.2225 -682.7201 9.2161 216 220 221 0.950 0 204 255
-767.9333 -829.1695 8.1479 215 223 225 0.950 0 204 255
-857.7150 -1590.0062 2.1733 218 221 226 0.950 0 204 255
-1163.3453 -1874.4701 0.2176 219 223 226 0.950 0 204 255
-3681.5731 -3189.1429 3.1511 216 220 223 0.950 0 204 255
3037.5408 1960.6734 17.7197 215 219 222 0.950 0 204 255
-596.9702 -1396.7482 3.6236 217 221 224 0.950 0 204 255
-1869.3687 -2255.7816 -3.1116 219 222 229 0.950 0 204 255
-15660.4285 -15768.2293 -47.0530 222 221 226 0.950 0 204 255
-2095.6598 -2449.6409 -3.2694 139 160 179 0.950 0 204 255
-1030.7356 -1251.6671 4.9062 219 220 222 0.950 0 204 255
-1104.9550 -1824.1223 1.1137 141 160 177 0.950 0 204 255
-15986.8536 -15904.7847 -46.8536 219 219 221 0.950 0 204 255
10251.8895 8993.6200 43.7942 215 219 222 0.950 0 204 255
-7292.2876 -6659.3685 -24.0532 220 223 228 0.950 0 204 255
-19447.5362 -19521.5687 -65.3396 139 160 179 0.950 0 204 255
6887.3926 10415.7764 80.2836 220 224 225 0.950 0 204 255
2797.4546 1861.7037 16.2339 220 221 225 0.950 0 204 255
8380.6537 7290.9805 33.5180 217 221 224 0.950 0 204 255
-3945.4581 -4611.1786 -8.8672 106 111 114 0.950 0 204 255
-699.5310 -1475.3404 3.0387 216 220 221 0.950 0 204 255
-2113.4267 -2682.2832 -2.4168 219 219 219 0.950 0 204 255
-7826.2137 -6420.0167 -9.4006 219 224 228 0.950 0 204 255
-37370.3399 -37078.8790 -126.1237 108 111 116 0.950 0 204 255
-837.8082 -1567.5826 2.3292 219 223 226 0.950 0 204 255
-5411.3785 -6078.0010 -11.7092 217 218 222 0.950 0 204 255
-5320.6921 -6013.2924 -11.4917 218 219 223 0.950 0 204 255
-5913.1019 -6638.1157 -13.8434 217 218 222 0.950 0 204 255
-1183.7426 -1934.1989 1.6565 218 219 221 0.950 0 204 255
-1552.9206 -2235.7419 0.0142 221 220 226 0.950 0 204 255
-691.9600 -973.9011 5.1404 93 120 103 0.950 0 204 255
931.9291 434.6082 12.2245 92 124 103 0.950 0 204 255
-678.7896 -968.5108 5.1991 99 115 112 0.950 0 204 255
-760.2501 -1052.8075 4.9204 218 223 227 0.950 0 204 255
-794.2195 -1081.6259 4.7896 219 224 228 0.950 0 204 255
-830.1950 -1112.2090 4.6502 218 223 229 0.950 0 204 255
-2258.5640 -2344.6830 -1.1203 221 222 226 0.950 0 204 255
-2440.1933 -2502.2334 -1.8649 220 224 227 0.950 0 204 255
-2648.2490 -2682.7765 -2.7187 219 222 227 0.950 0 204 255
2174.7217 1519.2739 17.2909 221 222 226 0.950 0 204 255
2105.8448 1459.4712 17.0078 220 224 227 0.950 0 204 255
2042.2305 1404.2409 16.7464 219 222 227 0.950 0 204 255
1390.2140 838.2832 14.0682 218 223 227 0.950 0 204 255
1369.2695 820.1018 13.9821 219 224 228 0.950 0 204 255
1349.2373 802.7115 13.8998 218 223 229 0.950 0 204 255
-737.2233 -1040.9212 5.0276 219 223 226 0.950 0 204 255
-769.5002 -1068.4634 4.9043 221 225 226 0.950 0 204 255
-2106.2664 -2228.3986 -0.4512 219 223 226 0.950 0 204 255
-2265.0006 -2366.9626 -1.0978 223 224 228 0.950 0 204 255
2290.5859 1629.7759 17.7158 221 222 226 0.950 0 204 255
2213.5411 1562.4268 17.4007 223 224 228 0.950 0 204 255
1430.9563 878.5582 14.2032 219 223 226 0.950 0 204 255
1408.5320 858.9645 14.1115 221 225 226 0.950 0 204 255
3411.5523 2660.5142 22.0446 148 161 177 0.950 0 204 255
-571.5880 -948.4099 5.8481 221 222 227 0.950 0 204 255
4442.3101 3679.8497 25.5919 221 222 227 0.950 0 204 255
1947.7208 1389.2798 15.9145 221 222 227 0.950 0 204 255
-1337.1592 -1644.1803 3.0094 220 224 227 0.950 0 204 255
-551.5561 -933.4073 5.9356 221 221 229 0.950 0 204 255
-615.8875 -990.8985 5.7082 218 221 226 0.950 0 204 255
-1256.3522 -1572.7283 3.3300 222 223 225 0.950 0 204 255
4980.5802 4186.1518 27.6029 221 221 231 0.950 0 204 255
3988.4003 3272.0274 23.7655 218 221 226 0.950 0 204 255
2026.9412 1465.8286 16.1904 221 221 229 0.950 0 204 255
1886.2636 1336.3866 15.6483 218 221 226 0.950 0 204 255
-562.2769 -945.7217 5.9152 219 224 230 0.950 0 204 255
-583.1439 -964.4168 5.8419 220 225 231 0.950 0 204 255
-1309.6042 -1626.3352 3.1554 215 225 234 0.950 0 204 255
4952.8661 4172.0650 27.4159 220 223 228 0.950 0 204 255
4573.2080 3821.2614 25.9537 221 224 229 0.950 0 204 255
2032.5144 1474.7460 16.1812 219 224 230 0.950 0 204 255
1982.7430 1428.8166 15.9902 220 225 231 0.950 0 204 255
-471.2167 -891.3479 6.4492 218 221 226 0.950 0 204 255
3078.1068 2512.4216 19.5835 218 221 226 0.950 0 204 255
-464.1009 -886.4794 6.4894 221 225 228 0.950 0 204 255
3215.8117 2648.5851 20.0348 221 225 228 0.950 0 204 255
-445.7648 -870.3610 6.5574 222 223 225 0.950 0 204 255
-33219.2310 -32188.4986 -111.5966 223 223 225 0.950 0 204 255
3444.1243 2869.1885 20.8336 222 223 225 0.950 0 204 255
-464.6863 -888.6724 6.5043 221 225 228 0.950 0 204 255
-446.4323 -872.5665 6.5719 220 224 227 0.950 0 204 255
-27058.9364 -26348.8514 -88.8959 222 223 227 0.950 0 204 255
3530.8471 2957.4538 21.0930 220 224 227 0.950 0 204 255
-3565.4215 -3899.3628 -3.9522 142 160 174 0.950 0 204 255
-476.2319 -912.7969 6.6163 148 160 174 0.950 0 204 255
-363.6737 -811.1014 7.0278 218 221 226 0.950 0 204 255
-374.9632 -821.7593 6.9936 219 223 226 0.950 0 204 255
-3822.7780 -4177.4884 -4.5423 220 221 226 0.950 0 204 255
9343.0037 8697.2470 40.1637 219 223 226 0.950 0 204 255
-364.4999 -812.8879 7.0401 220 224 227 0.950 0 204 255
-666.0663 -1101.5041 6.0931 222 224 223 0.950 0 204 255
-3732.5111 -4095.0951 -4.1722 222 224 223 0.950 0 204 255
11726.8298 11042.9709 48.0752 220 224 227 0.950 0 204 255
-354.4047 -804.3151 7.0851 220 223 228 0.950 0 204 255
-370.8703 -819.9090 7.0356 219 222 227 0.950 0 204 255
-645.0342 -1082.6713 6.1786 222 223 228 0.950 0 204 255
-675.3275 -1111.9427 6.0814 221 222 227 0.950 0 204 255
-3390.4679 -3765.6479 -2.9602 220 224 227 0.950 0 204 255
-3788.1191 -4155.2763 -4.2949 219 222 227 0.950 0 204 255
15786.3266 15037.6244 61.5483 220 223 228 0.950 0 204 255
11609.9602 10943.3140 47.5071 219 222 227 0.950 0 204 255
-302.7665 -765.3086 7.4128 219 223 224 0.950 0 204 255
-311.6395 -773.8485 7.3878 222 223 225 0.950 0 204 255
-320.7138 -782.5913 7.3620 221 222 227 0.950 0 204 255
-297.6299 -761.3130 7.4463 219 223 224 0.950 0 204 255
-306.3104 -769.6818 7.4219 223 224 226 0.950 0 204 255
-257.3479 -729.2135 7.7138 219 222 227 0.950 0 204 255
-251.2159 -723.6427 7.7408 219 222 227 0.950 0 204 255
-272.8443 -744.8095 7.6836 218 221 226 0.950 0 204 255
-255.6765 -728.4192 7.7397 220 224 227 0.950 0 204 255
-262.7946 -735.3915 7.7210 221 225 228 0.950 0 204 255
-429.7867 -900.2213 7.2683 222 223 227 0.950 0 204 255
-440.6785 -911.0370 7.2382 223 224 229 0.950 0 204 255
18599.0873 18442.8074 61.5315 95 124 102 0.950 0 204 255
935.2354 437.6060 12.2372 100 114 114 0.950 0 204 255
-790.8513 -1079.8453 4.8051 219 224 228 0.950 0 204 255
-791.4194 -1086.6797 4.8188 222 226 227 0.950 0 204 255
-2345.7826 -2436.3777 -1.4306 224 225 229 0.950 0 204 255
14046.0370 11912.7978 65.9619 219 223 226 0.950 0 204 255
10285.3536 8622.2403 50.5196 221 225 224 0.950 0 204 255
1397.1972 848.7514 14.0673 222 226 227 0.950 0 204 255
-1336.2919 -1641.8614 3.0044 213 222 229 0.950 0 204 255
-566.0783 -947.4722 5.8915 217 221 224 0.950 0 204 255
-591.5182 -970.2298 5.8018 218 222 225 0.950 0 204 255
-6246.6334 -6173.0487 -15.8721 215 222 228 0.950 0 204 255
1239.1833 1076.6070 16.1617 218 222 225 0.950 0 204 255
-2394.5091 -2712.0178 -0.3768 210 220 230 0.950 0 204 255
-467.0435 -888.8624 6.4764 221 225 228 0.950 0 204 255
-879.6294 -1275.1671 5.0682 216 220 223 0.950 0 204 255
3201.0546 2633.5166 19.9911 221 225 228 0.950 0 204 255
-32948.7178 -31923.6621 -110.6750 223 223 225 0.950 0 204 255
-3615.3087 -3947.1530 -4.1312 142 160 174 0.950 0 204 255
11964.4675 11272.5351 48.9137 219 223 226 0.950 0 204 255
-310.9199 -773.2871 7.3924 222 223 225 0.950 0 204 255
-2018.5908 -2460.8542 2.1158 222 223 227 0.950 0 204 255
-538.7345 -996.0126 6.7434 224 225 229 0.950 0 204 255
-950.4521 -1402.3432 5.4889 223 224 226 0.950 0 204 255
-256.5283 -729.0044 7.7311 217 221 222 0.950 0 204 255
-230.4714 -610.6282 8.6297 218 222 225 0.950 0 204 255
-208.9736 -685.5874 7.9445 96 118 106 0.950 0 204 255
19981.2072 19846.1186 65.4814 99 116 110 0.950 0 204 255
1649.5130 1514.8210 20.9871 216 217 219 0.950 0 204 255
-729.9367 -1318.5582 5.1709 222 223 227 0.950 0 204 255
-902.9084 -1295.8168 4.9982 214 214 214 0.950 0 204 255
-1210.6022 -1531.7143 6.5285 218 222 225 0.950 0 204 255
21713.3657 21594.0018 70.3753 106 110 121 0.950 0 204 255
-1444.8154 -2359.0701 -0.1372 220 221 223 0.950 0 204 255
948.4907 450.1536 12.2893 106 110 121 0.950 0 204 255
-429.5793 -899.7928 7.2578 220 221 225 0.950 0 204 255
28601.6689 28609.9320 90.1109 106 110 121 0.950 0 204 255
2119.5836 1472.6063 17.0579 220 224 227 0.950 0 204 255
-1253.6678 -1572.1731 3.3508 215 219 222 0.950 0 204 255
4768.6883 3995.3340 26.7525 220 220 222 0.950 0 204 255
-2048.7422 -2388.7040 0.9208 213 222 227 0.950 0 204 255
3476.8000 2899.8751 20.9566 219 220 224 0.950 0 204 255
-916.1012 -1368.3194 5.5948 219 223 224 0.950 0 204 255
-442.5319 -911.7670 7.2107 217 218 222 0.950 0 204 255
-442.7718 -912.7500 7.2250 220 221 225 0.950 0 204 255
-709.6791 -1179.0700 6.4695 218 222 225 0.950 0 204 255
-1268.0921 -1740.1501 4.8499 219 220 222 0.950 0 204 255
-2346.8931 -2423.3222 -1.4180 217 221 222 0.950 0 204 255
-1306.1648 -1616.6652 3.1647 219 219 219 0.950 0 204 255
-730.2246 -1094.7963 7.4655 220 222 221 0.950 0 204 255
6651.8023 8113.0699 49.8719 222 223 225 0.950 0 204 255
-464.9660 -856.9418 7.9464 218 222 225 0.950 0 204 255
-725.7690 -1089.5994 7.4821 220 222 221 0.950 0 204 255
-1274.1211 -1746.5247 4.8247 219 220 222 0.950 0 204 255
-209.5218 -686.1870 7.9404 99 115 112 0.950 0 204 255
-877.0952 -1185.0180 4.5644 146 159 175 0.950 0 204 255
-373.9786 -821.0361 6.9996 219 223 226 0.950 0 204 255
1394.9554 842.9447 14.0641 216 221 224 0.950 0 204 255
-5571.0842 -5537.8534 -13.2231 219 219 219 0.950 0 204 255
-534.6728 -991.1045 6.7546 217 218 220 0.950 0 204 255
-441.3109 -910.4650 7.2236 220 221 223 0.950 0 204 255
-2276.8515 -2364.0954 -1.2188 221 222 226 0.950 0 204 255
8492.4550 7020.2636 43.3931 219 224 228 0.950 0 204 255
1394.9136 843.3638 14.0926 218 223 227 0.950 0 204 255
-587.0010 -962.9421 5.7867 218 219 223 0.950 0 204 255
-1301.8563 -1610.7936 3.1184 211 221 230 0.950 0 204 255
-304.4279 -767.9676 7.4230 214 218 217 0.950 0 204 255
-2727.3826 -3212.3192 0.5498 218 222 225 0.950 0 204 255
1398.3490 839.1185 14.0300 214 219 223 0.950 0 204 255
-471.6235 -907.6327 6.6212 141 160 177 0.950 0 204 255
-4090.9425 -4440.8152 -5.4370 221 222 226 0.950 0 204 255
-445.8742 -868.5030 6.5524 219 223 226 0.950 0 204 255
-1604.7947 -1834.8358 5.7203 218 222 221 0.950 0 204 255
1406.8869 850.7980 14.0580 214 218 219 0.950 0 204 255
-742.9165 -1034.0021 5.0922 216 221 224 0.950 0 204 255
-685.2767 -975.6071 5.1630 99 115 112 0.950 0 204 255
-783.8822 -1074.5215 4.8180 214 219 223 0.950 0 204 255
2147.1228 1497.2368 17.1884 217 218 220 0.950 0 204 255
14258.9782 13534.9141 56.5976 216 219 224 0.950 0 204 255
-520.9006 -978.7651 6.7926 221 222 226 0.950 0 204 255
-259.1303 -731.6444 7.7213 217 221 222 0.950 0 204 255
3434.6800 2678.2854 22.1535 145 159 172 0.950 0 204 255
-670.8938 -1105.8431 6.0907 221 222 224 0.950 0 204 255
-719.5811 -1011.1564 4.8976 104 111 119 0.950 0 204 255
2103.5949 1474.1970 17.1268 220 221 223 0.950 0 204 255
3640.0719 2843.4910 22.7853 145 159 172 0.950 0 204 255
-680.8811 -962.2576 5.2909 106 110 121 0.950 0 204 255
-212.2599 -686.6797 7.9525 106 110 121 0.950 0 204 255
4298.6381 3550.6728 25.0569 218 219 223 0.950 0 204 255
-486.4998 -920.0479 6.5454 139 160 179 0.950 0 204 255
-3633.1443 -4001.7887 -3.8291 215 217 216 0.950 0 204 255
-947.1515 -1399.4451 5.4931 223 224 226 0.950 0 204 255
-1306.1763 -1771.9870 4.7570 217 218 222 0.950 0 204 255
-2522.2100 -2204.0081 6.9194 223 224 226 0.950 0 204 255
4587.5727 3820.4455 26.0307 219 219 219 0.950 0 204 255
-2230.3924 -2313.6238 -0.7689 217 218 220 0.950 0 204 255
-1323.5706 -1733.1052 3.9723 218 222 225 0.950 0 204 255
-311.0207 -775.4255 7.3651 215 219 218 0.950 0 204 255
-211.2320 -690.0431 7.9120 106 110 121 0.950 0 204 255
1954.5049 1396.5382 15.9490 221 222 227 0.950 0 204 255
-3633.1111 -3956.8737 -4.3066 139 160 179 0.950 0 204 255
-365.0741 -814.1218 7.0413 213 217 220 0.950 0 204 255
-730.8159 -1200.4412 6.4037 214 218 219 0.950 0 204 255
1431.0688 1179.4328 16.2362 218 219 221 0.950 0 204 255
-369.1244 -817.0523 7.0357 219 223 226 0.950 0 204 255
7947.8630 6632.5301 42.0346 216 221 224 0.950 0 204 255
-849.5698 -1156.6912 4.7740 141 158 176 0.950 0 204 255
-1507.5993 -1800.7269 3.1682 213 220 228 0.950 0 204 255
-1442.3531 -2364.7589 -0.2210 220 222 221 0.950 0 204 255
-3961.9730 -4961.9261 -8.2764 218 219 223 0.950 0 204 255
-459.5399 -880.9911 6.4823 215 219 222 0.950 0 204 255
-654.3177 -1091.2027 6.1337 218 219 223 0.950 0 204 255
4385.1618 3511.9122 25.6197 139 160 177 0.950 0 204 255
-3697.0128 -4059.1259 -4.0039 215 217 216 0.950 0 204 255
12408.6967 10387.7710 58.4648 217 219 218 0.950 0 204 255
-1487.9711 -1777.9510 3.3095 220 224 227 0.950 0 204 255
-2520.4154 -2612.2044 -2.6034 219 221 220 0.950 0 204 255
3568.1302 2832.5635 23.0217 139 160 177 0.950 0 204 255
-444.8147 -864.5867 6.5813 219 223 226 0.950 0 204 255
-6569.8331 -6449.8761 -17.3263 213 222 229 0.950 0 204 255
-738.8749 -1024.7339 5.1213 218 223 227 0.950 0 204 255
4772.6584 3970.4780 26.5149 220 220 222 0.950 0 204 255
3367.2238 2776.4011 20.4691 219 223 226 0.950 0 204 255
-706.6681 -981.1606 5.1406 97 116 110 0.950 0 204 255
-865.2292 -1166.2980 4.7024 146 159 175 0.950 0 204 255
-1977.1990 -2333.8764 0.1947 220 220 220 0.950 0 204 255
-676.5809 -1107.2940 6.0865 218 222 225 0.950 0 204 255
-302.2673 -763.4524 7.4356 217 221 220 0.950 0 204 255
-1327.6189 -1745.8494 3.9166 221 222 226 0.950 0 204 255
2177.7107 1509.7183 17.1620 220 224 227 0.950 0 204 255
-863.1302 -1167.6117 4.7464 137 158 177 0.950 0 204 255
-947.6546 -1394.2437 5.5307 219 220 222 0.950 0 204 255
-738.8750 -1204.0534 6.3965 220 223 228 0.950 0 204 255
-2892.1692 -3365.5963 0.1147 216 220 223 0.950 0 204 255
18516.8482 19703.3294 109.4715 219 220 222 0.950 0 204 255
-263.9619 -735.0624 7.7038 215 218 223 0.950 0 204 255
-211.2100 -688.9799 7.9238 99 115 112 0.950 0 204 255
-262.2523 -735.8147 7.6896 218 222 225 0.950 0 204 255
1365.2929 826.7870 14.0612 216 221 224 0.950 0 204 255
-2312.1027 -2633.7888 -0.1042 220 227 235 0.950 0 204 255
-5373.7500 -5327.4070 -12.1358 219 220 222 0.950 0 204 255
-791.8689 -1094.5403 4.6711 218 222 223 0.950 0 204 255
2011.4241 2364.4103 26.4165 220 224 227 0.950 0 204 255
3145.5905 2597.0236 20.0112 219 222 227 0.950 0 204 255
-9050.0987 -9506.4917 -20.5887 217 221 222 0.950 0 204 255
9704.5025 7994.5920 47.5146 215 220 224 0.950 0 204 255
-1141.0486 -1068.6579 7.5560 218 223 227 0.950 0 204 255
-3649.3452 -3996.0864 -4.4093 141 160 175 0.950 0 204 255
-861.5344 -1171.3761 4.6505 143 160 178 0.950 0 204 255
-3645.9134 -5328.9980 -16.0695 222 223 227 0.950 0 204 255
3295.9394 2721.1980 20.3897 216 219 224 0.950 0 204 255
-484.2438 -914.2722 6.6033 138 161 179 0.950 0 204 255
-469.9930 -905.2331 6.6307 139 160 179 0.950 0 204 255
-593.1735 -975.4917 5.6937 220 221 223 0.950 0 204 255
-362.1255 -807.8156 7.0634 213 217 220 0.950 0 204 255
-257.4089 -728.2203 7.7287 218 222 225 0.950 0 204 255
-6841.7392 -7271.9432 -13.0478 219 223 224 0.950 0 204 255
-596.8763 -988.0891 5.5992 220 221 225 0.950 0 204 255
-372.4741 -822.9348 6.9731 213 217 220 0.950 0 204 255
-2249.9039 -2656.5789 -1.6153 221 220 218 0.950 0 204 255
-467.3205 -897.8830 6.3553 219 222 227 0.950 0 204 255
-782.3192 -1068.4257 4.8934 219 224 228 0.950 0 204 255
-900.7192 -1212.9673 4.3612 144 156 172 0.950 0 204 255
-569.9872 -687.1470 9.2723 217 221 222 0.950 0 204 255
-563.7501 -938.1878 5.9447 220 221 223 0.950 0 204 255
1922.4509 2261.1670 25.8614 219 220 222 0.950 0 204 255
2004.5564 2371.9297 26.5555 222 223 225 0.950 0 204 255
-3783.9895 -4122.5951 -5.0157 139 160 179 0.950 0 204 255
-687.7214 -1127.9180 5.9419 213 217 218 0.950 0 204 255
-3198.7325 -3520.9545 -2.5858 139 160 179 0.950 0 204 255
4580.8446 3531.1527 21.3736 219 223 226 0.950 0 204 255
-4130.3211 -4507.2367 -5.8454 216 220 223 0.950 0 204 255
10492.3316 9777.4237 43.7044 106 109 114 0.950 0 204 255
-264.2867 -739.4291 7.6613 219 222 227 0.950 0 204 255
2185.9496 1537.0532 17.2989 223 224 228 0.950 0 204 255
4033.4774 3329.4711 24.2491 221 221 223 0.950 0 204 255
4092.2780 3393.6439 24.5627 219 218 223 0.950 0 204 255
-3749.7466 -4096.1438 -4.9715 139 160 179 0.950 0 204 255
-56416.0479 -53974.6113 -193.4806 220 221 226 0.950 0 204 255
-379.2413 -832.0897 6.9009 107 110 117 0.950 0 204 255
-474.2627 -913.4663 6.5792 146 159 175 0.950 0 204 255
-586.6703 -973.5242 5.7065 218 219 221 0.950 0 204 255
-3712.6575 -4065.2924 -4.7541 139 160 179 0.950 0 204 255
-4172.1936 -4541.4659 -5.9136 215 216 218 0.950 0 204 255
-7352.1521 -7748.7967 -14.4357 217 221 220 0.950 0 204 255
-457.8580 -885.0106 6.4565 218 219 221 0.950 0 204 255
-2173.2178 -2398.4975 3.1927 221 225 228 0.950 0 204 255
-493.0310 -930.3105 6.4866 139 160 179 0.950 0 204 255
-2699.8843 -2780.3250 -3.6666 221 222 226 0.950 0 204 255
-1367.8276 -1772.6564 3.8186 105 110 114 0.950 0 204 255
-309.6197 -776.9910 7.3542 217 221 222 0.950 0 204 255
-801.1504 -1103.8511 4.5874 216 221 224 0.950 0 204 255
-1374.3935 -1798.8809 3.6241 216 219 224 0.950 0 204 255
2018.9988 1450.2612 16.0629 218 219 221 0.950 0 204 255
-3988.9233 -4320.1245 -4.9411 220 220 228 0.950 0 204 255
-1923.3484 -2359.9026 2.5140 219 220 222 0.950 0 204 255
3365.2966 2645.3564 22.1856 141 160 175 0.950 0 204 255
-929.1401 -1335.9849 4.7049 218 222 225 0.950 0 204 255
-1898.0399 -2344.5443 2.5252 216 217 219 0.950 0 204 255
-537.4797 -1000.9908 6.6653 219 220 224 0.950 0 204 255
-696.2046 -1138.6473 5.8575 107 110 117 0.950 0 204 255
-76.4949 -149.0264 12.2065 92 121 101 0.950 0 204 255
214.3197 110.1343 13.4398 97 121 107 0.950 0 204 255
-75.2398 -148.8626 12.2102 97 117 108 0.950 0 204 255
-85.5014 -159.7714 12.1798 219 223 226 0.950 0 204 255
-89.3383 -162.9843 12.1676 220 224 227 0.950 0 204 255
-93.3390 -166.3473 12.1547 219 222 227 0.950 0 204 255
-213.9360 -270.7071 11.7215 218 223 227 0.950 0 204 255
-225.3660 -280.7348 11.6784 219 224 228 0.950 0 204 255
-237.6808 -291.5502 11.6318 218 223 229 0.950 0 204 255
802.2936 632.4178 15.7251 218 223 227 0.950 0 204 255
748.5171 584.7698 15.5154 219 224 228 0.950 0 204 255
702.3559 543.8713 15.3354 218 223 229 0.950 0 204 255
363.1649 243.4329 14.0138 221 222 226 0.950 0 204 255
355.1482 236.3331 13.9826 220 224 227 0.950 0 204 255
347.6032 229.6510 13.9532 219 222 227 0.950 0 204 255
-83.3170 -159.1235 12.1875 221 222 224 0.950 0 204 255
-87.0255 -162.2490 12.1758 223 224 226 0.950 0 204 255
-205.3608 -265.1639 11.7545 219 223 226 0.950 0 204 255
-216.0186 -274.5709 11.7145 221 225 224 0.950 0 204 255
889.5128 714.2267 16.0550 221 222 227 0.950 0 204 255
823.1601 655.0366 15.7968 224 223 228 0.950 0 204 255
377.4009 257.5208 14.0639 221 222 226 0.950 0 204 255
368.6454 249.7151 14.0298 223 224 228 0.950 0 204 255
3166.6461 2801.6468 24.7958 148 161 177 0.950 0 204 255
-66.4501 -152.6630 12.2610 221 222 227 0.950 0 204 255
588.7608 466.4610 14.8047 221 222 227 0.950 0 204 255
-152.8716 -231.5419 11.9707 220 224 227 0.950 0 204 255
-64.0436 -150.9836 12.2704 219 222 231 0.950 0 204 255
-72.4117 -158.4268 12.2448 220 221 225 0.950 0 204 255
-145.1359 -224.7565 11.9993 219 224 228 0.950 0 204 255
-7089.3687 -6747.8412 -14.0777 219 222 227 0.950 0 204 255
6183.0975 5724.2616 35.8266 218 221 226 0.950 0 204 255
628.5785 505.1173 14.9475 219 222 231 0.950 0 204 255
555.0142 436.0365 14.6715 218 221 226 0.950 0 204 255
-65.6733 -152.8676 12.2677 220 223 228 0.950 0 204 255
-68.4079 -155.3072 12.2594 221 224 231 0.950 0 204 255
-150.9917 -230.8816 11.9810 215 226 232 0.950 0 204 255
-8086.3721 -7706.7013 -17.7335 219 224 230 0.950 0 204 255
-45618.1569 -43075.4272 -158.4190 221 224 231 0.950 0 204 255
628.6311 506.5077 14.9406 220 223 228 0.950 0 204 255
601.8258 481.2633 14.8404 221 224 229 0.950 0 204 255
-55.8183 -148.5006 12.3287 218 221 226 0.950 0 204 255
-869.4457 -935.4386 9.4605 220 221 226 0.950 0 204 255
1385.5092 1256.8339 17.5591 220 220 228 0.950 0 204 255
-54.9866 -148.0098 12.3336 223 224 228 0.950 0 204 255
-807.0468 -876.6076 9.6952 223 224 228 0.950 0 204 255
1542.8636 1412.4988 18.1045 223 224 228 0.950 0 204 255
-52.4622 -145.8071 12.3423 223 223 225 0.950 0 204 255
-715.0918 -787.8911 10.0284 220 224 227 0.950 0 204 255
1881.0152 1743.4671 19.3015 223 223 225 0.950 0 204 255
-55.2418 -148.5178 12.3354 223 224 226 0.950 0 204 255
-786.4341 -858.2566 9.7797 223 224 229 0.950 0 204 255
-52.7238 -146.3106 12.3440 222 223 227 0.950 0 204 255
-698.9923 -773.7371 10.0956 220 224 227 0.950 0 204 255
2010.4734 1873.1833 19.7384 222 223 227 0.950 0 204 255
-347.0382 -436.6762 11.3858 142 159 175 0.950 0 204 255
-58.4078 -153.7093 12.3484 147 160 176 0.950 0 204 255
-42.3899 -139.2478 12.4043 220 221 225 0.950 0 204 255
-44.0919 -140.8661 12.3995 221 222 224 0.950 0 204 255
-368.8834 -461.4986 11.3370 218 221 226 0.950 0 204 255
-2235.8827 -2322.2391 5.0046 221 222 226 0.950 0 204 255
-42.6445 -139.6600 12.4059 223 223 221 0.950 0 204 255
-85.9546 -181.5194 12.2769 220 223 228 0.950 0 204 255
-364.9026 -458.2087 11.3561 220 224 227 0.950 0 204 255
-1757.2888 -1847.7638 6.6527 222 224 223 0.950 0 204 255
-41.2411 -138.4877 12.4122 222 223 228 0.950 0 204 255
-43.7374 -140.8705 12.4052 221 222 227 0.950 0 204 255
-83.2836 -179.1560 12.2878 222 223 228 0.950 0 204 255
-87.4339 -183.2159 12.2749 221 222 227 0.950 0 204 255
-344.6065 -438.6139 11.4298 220 223 228 0.950 0 204 255
-369.6866 -463.6409 11.3458 219 222 227 0.950 0 204 255
-1444.7375 -1537.9038 7.7290 222 223 227 0.950 0 204 255
-1796.8406 -1889.8699 6.5428 219 222 227 0.950 0 204 255
-34.7171 -133.9658 12.4592 221 222 226 0.950 0 204 255
-36.1145 -135.3261 12.4554 222 223 227 0.950 0 204 255
-37.5394 -136.7147 12.4516 219 222 229 0.950 0 204 255
-34.0565 -133.4885 12.4641 221 222 226 0.950 0 204 255
-35.4287 -134.8269 12.4604 223 224 226 0.950 0 204 255
-28.8011 -129.5633 12.5046 221 222 226 0.950 0 204 255
-27.8808 -128.7273 12.5088 218 223 229 0.950 0 204 255
-31.4035 -132.2249 12.4997 218 222 225 0.950 0 204 255
-28.6889 -129.6042 12.5085 222 223 227 0.950 0 204 255
-29.8505 -130.7587 12.5055 223 224 229 0.950 0 204 255
-56.4164 -157.3787 12.4345 220 224 227 0.950 0 204 255
-58.1047 -159.0818 12.4299 221 225 228 0.950 0 204 255
-1927.1702 -2095.4364 7.0089 96 123 108 0.950 0 204 255
215.2219 110.9642 13.4432 99 116 110 0.950 0 204 255
-89.0257 -162.8875 12.1687 220 224 227 0.950 0 204 255
-221.1216 -278.9433 11.6952 222 226 225 0.950 0 204 255
-874.7966 -860.6277 9.1683 219 223 226 0.950 0 204 255
-1024.6188 -994.2091 8.5853 223 224 228 0.950 0 204 255
364.3819 245.8222 14.0136 224 225 229 0.950 0 204 255
-100.7349 -177.6273 12.1356 147 158 176 0.950 0 204 255
-66.0409 -152.9321 12.2653 220 220 222 0.950 0 204 255
-69.3606 -155.8883 12.2551 220 221 225 0.950 0 204 255
-413.9767 -476.3876 11.0124 215 222 230 0.950 0 204 255
25674.6868 24067.8472 108.9954 220 221 225 0.950 0 204 255
-255.1454 -339.3059 11.6551 211 220 229 0.950 0 204 255
-109.4842 -199.3147 12.1606 213 220 226 0.950 0 204 255
-826.4529 -895.1361 9.6237 223 224 228 0.950 0 204 255
1526.6650 1396.1880 18.0503 223 224 228 0.950 0 204 255
-713.7777 -786.4528 10.0321 220 224 227 0.950 0 204 255
1941.9885 1802.5599 19.5215 219 220 224 0.950 0 204 255
-57.6452 -152.8476 12.3491 141 160 177 0.950 0 204 255
-349.9172 -439.4488 11.3753 142 159 175 0.950 0 204 255
-43.9702 -140.7853 12.4003 221 222 224 0.950 0 204 255
-384.6204 -477.3020 11.2851 219 223 226 0.950 0 204 255
-1722.2465 -1812.2721 6.7666 221 222 224 0.950 0 204 255
-36.0220 -135.2590 12.4561 222 223 227 0.950 0 204 255
-246.9569 -346.8884 11.8113 222 223 225 0.950 0 204 255
-45.3894 -173.1362 12.1119 224 225 229 0.950 0 204 255
-127.5588 -226.5938 12.1894 223 224 226 0.950 0 204 255
-58.1804 -158.9588 12.4261 215 218 223 0.950 0 204 255
-28.7802 -129.6498 12.5072 219 220 222 0.950 0 204 255
-58.3585 -159.2720 12.4280 218 222 225 0.950 0 204 255
-172.4166 -275.5733 12.0978 217 221 222 0.950 0 204 255
-178.5458 -281.8582 12.0796 218 222 225 0.950 0 204 255
-21.5839 -123.0749 12.5411 93 119 106 0.950 0 204 255
-1849.5138 -2014.8199 7.2336 97 116 110 0.950 0 204 255
-77.9576 -132.1298 12.9014 223 224 226 0.950 0 204 255
802.4867 633.0600 15.7100 217 221 224 0.950 0 204 255
-67.8757 -154.2432 12.2612 220 220 222 0.950 0 204 255
-63.9802 -152.0021 12.5678 220 222 221 0.950 0 204 255
-106.2111 -189.9098 12.5066 218 222 225 0.950 0 204 255
-339.6081 -445.9753 11.6046 220 221 223 0.950 0 204 255
218.7263 114.3282 13.4570 106 110 121 0.950 0 204 255
-99.7416 -177.9023 12.1388 144 163 178 0.950 0 204 255
-1601.8455 -1758.3838 7.9488 106 110 121 0.950 0 204 255
3330.2312 2947.3119 25.4358 143 159 175 0.950 0 204 255
-152.6178 -231.0858 11.9709 213 222 229 0.950 0 204 255
-145.0743 -224.9798 12.0005 214 219 225 0.950 0 204 255
-12114.7561 -11483.3380 -32.9171 217 221 224 0.950 0 204 255
589.1890 468.6251 14.7971 220 221 225 0.950 0 204 255
-235.9144 -320.6990 11.7228 212 219 227 0.950 0 204 255
-228.4188 -314.2417 11.7539 216 221 225 0.950 0 204 255
-123.0798 -222.0843 12.2031 221 222 226 0.950 0 204 255
-98.0839 -199.5617 12.3156 220 221 225 0.950 0 204 255
-342.4049 -450.2298 11.5898 220 221 225 0.950 0 204 255
-219.9940 -275.2361 11.7149 219 224 228 0.950 0 204 255
-182.7222 -322.9352 11.3712 212 217 221 0.950 0 204 255
-43.2379 -140.1983 12.4059 222 222 224 0.950 0 204 255
-86.4374 -181.9450 12.2777 221 222 226 0.950 0 204 255
-57.8948 -158.6610 12.4285 218 222 225 0.950 0 204 255
-1750.7412 -1911.3502 7.5270 103 112 119 0.950 0 204 255
-105.4332 -188.9612 12.5099 218 222 225 0.950 0 204 255
-149.4471 -228.2117 11.9796 211 221 231 0.950 0 204 255
757.6587 593.3764 15.5499 219 224 228 0.950 0 204 255
574.5222 453.3770 14.7498 217 218 222 0.950 0 204 255
-149.6418 -228.6891 11.9871 219 219 219 0.950 0 204 255
-752.0681 -821.9103 9.8983 219 222 227 0.950 0 204 255
-35.7450 -134.7070 12.4594 222 223 227 0.950 0 204 255
-214.8642 -270.4699 11.7472 217 221 222 0.950 0 204 255
-1165.7214 -1114.4496 8.0135 220 224 227 0.950 0 204 255
776.6541 610.5167 15.6316 214 219 223 0.950 0 204 255
-420.7721 -481.0992 10.9757 213 222 229 0.950 0 204 255
-249.1134 -333.4934 11.6731 222 227 231 0.950 0 204 255
-59.6415 -154.4684 12.3388 138 161 179 0.950 0 204 255
-349.7714 -438.4347 11.3651 139 160 179 0.950 0 204 255
-167.8546 -262.4814 12.0134 221 222 224 0.950 0 204 255
-1535.0840 -1627.5427 7.4041 218 219 221 0.950 0 204 255
-56.3873 -157.3057 12.4328 218 222 225 0.950 0 204 255
-173.3773 -276.6050 12.0937 217 221 222 0.950 0 204 255
-325.0227 -432.4263 11.6400 220 221 225 0.950 0 204 255
-1617.3365 -2109.4138 1.6254 222 223 227 0.950 0 204 255
834.0199 658.8390 15.7825 217 218 220 0.950 0 204 255
352.8205 236.8073 13.9976 217 218 222 0.950 0 204 255
2716.9927 2406.8395 23.3526 142 159 177 0.950 0 204 255
-22.6226 -124.6214 12.5316 106 110 122 0.950 0 204 255
-963.8829 -930.5016 8.9116 217 221 222 0.950 0 204 255
-215.7626 -272.7336 11.7109 218 223 227 0.950 0 204 255
20979.6754 19587.1997 91.8602 216 220 223 0.950 0 204 255
-84.5707 -180.3370 12.2814 218 219 224 0.950 0 204 255
-456.1822 -706.4304 9.5634 217 218 222 0.950 0 204 255
-88.2003 -162.1870 12.1751 217 221 222 0.950 0 204 255
479.3812 509.9690 16.9214 217 221 222 0.950 0 204 255
-361.6370 -454.8189 11.3728 213 217 220 0.950 0 204 255
-291.1062 -508.6346 10.2380 217 219 218 0.950 0 204 255
-22.0897 -123.5365 12.5398 104 111 119 0.950 0 204 255
16122.1918 14534.6915 73.4825 139 160 181 0.950 0 204 255
-360.2279 -454.0058 11.3718 213 217 220 0.950 0 204 255
-543.6562 -648.7246 10.8714 221 222 226 0.950 0 204 255
-450.9697 -509.0698 11.5082 218 222 221 0.950 0 204 255
-76.7617 -148.7306 12.2228 103 112 119 0.950 0 204 255
-208.7650 -294.4833 11.7258 220 225 228 0.950 0 204 255
835.4516 659.5125 15.7891 217 221 224 0.950 0 204 255
-370.0530 -461.4359 11.3549 218 222 223 0.950 0 204 255
-580.4203 -683.3319 10.7715 219 220 222 0.950 0 204 255
364.4110 244.8355 14.0209 221 222 226 0.950 0 204 255
-68.2487 -167.2150 12.3671 219 223 224 0.950 0 204 255
-101.2220 -202.7903 12.3056 216 217 221 0.950 0 204 255
-343.1292 -432.0010 11.4100 142 159 175 0.950 0 204 255
-567.2659 -671.8492 10.8007 220 222 221 0.950 0 204 255
-29.6969 -130.4628 12.5040 220 221 223 0.950 0 204 255
-209.2221 -265.8244 11.7679 218 222 221 0.950 0 204 255
-309.8563 -536.6950 10.0533 215 219 218 0.950 0 204 255
-972.8999 -933.4528 8.8963 217 218 220 0.950 0 204 255
-174.0745 -276.2544 12.0976 216 220 223 0.950 0 204 255
4224.0750 3760.3705 28.8033 141 160 177 0.950 0 204 255
-22329.8873 -21048.7693 -71.0479 216 220 221 0.950 0 204 255
-86.0318 -159.7948 12.1951 217 219 218 0.950 0 204 255
-338.3892 -423.0779 11.5993 216 217 221 0.950 0 204 255
-171.3647 -266.6291 11.9849 213 217 218 0.950 0 204 255
-79.8129 -154.5529 12.1644 103 112 117 0.950 0 204 255
370.2891 248.9483 14.0182 217 221 222 0.950 0 204 255
-347.3304 -436.4360 11.3877 141 160 177 0.950 0 204 255
-1148.2559 -1111.5903 7.9497 220 222 221 0.950 0 204 255
603.1280 478.3932 14.8233 221 220 225 0.950 0 204 255
-111.1151 -200.6325 12.1516 210 220 229 0.950 0 204 255
-794.9776 -863.5158 9.7212 214 219 223 0.950 0 204 255
-7239.0801 -6845.6280 -14.0525 216 220 221 0.950 0 204 255
-719.2377 -786.0518 10.0542 219 222 227 0.950 0 204 255
-100.9065 -177.0003 12.1436 147 158 176 0.950 0 204 255
-64.6026 -117.4575 12.7419 214 217 222 0.950 0 204 255
-67.6503 -153.1490 12.2686 221 220 225 0.950 0 204 255
-43.3028 -139.8404 12.4072 221 221 221 0.950 0 204 255
-29.4941 -130.1049 12.5059 220 221 223 0.950 0 204 255
-88.3713 -164.7409 12.1397 219 220 222 0.950 0 204 255
835.5911 656.4192 15.7800 214 219 223 0.950 0 204 255
-80.0389 -153.3713 12.1736 95 119 106 0.950 0 204 255
-98.8128 -175.9580 12.1459 148 157 174 0.950 0 204 255
-86.1708 -181.0427 12.2817 212 217 221 0.950 0 204 255
-103.0368 -182.1453 12.0989 146 158 174 0.950 0 204 255
-35.3197 -135.0443 12.4526 219 220 224 0.950 0 204 255
1664.7757 1528.9731 18.5713 218 218 226 0.950 0 204 255
597.1551 820.1649 19.4020 216 221 225 0.950 0 204 255
-53.2317 -145.8666 12.3452 216 217 221 0.950 0 204 255
-742.8211 -810.6523 9.9673 216 217 221 0.950 0 204 255
-391.7308 -451.9485 11.1249 220 224 227 0.950 0 204 255
-339.7701 -427.0236 11.4236 139 160 179 0.950 0 204 255
-87.3418 -182.1808 12.2782 218 222 225 0.950 0 204 255
-127.3063 -226.3978 12.1891 223 224 226 0.950 0 204 255
4120.1412 3738.0640 29.3531 139 160 181 0.950 0 204 255
-369.0954 -459.5827 11.3581 106 109 114 0.950 0 204 255
-64.5636 -84.6661 13.2928 220 221 225 0.950 0 204 255
-28537.2933 -26733.2328 -92.9661 220 221 223 0.950 0 204 255
-238.6691 -322.2327 11.7321 214 214 214 0.950 0 204 255
-750.1643 -817.0569 9.9374 220 221 226 0.950 0 204 255
-167.9975 -261.2943 12.0218 218 222 225 0.950 0 204 255
590.8865 468.8087 14.8163 221 222 227 0.950 0 204 255
338.4617 225.0257 13.9730 221 222 226 0.950 0 204 255
-374.9595 -436.3711 11.1952 221 217 214 0.950 0 204 255
-1536.1961 -1937.7297 3.3465 219 221 220 0.950 0 204 255
-57.2097 -152.2979 12.3513 143 160 176 0.950 0 204 255
-510.4294 -584.9880 10.9897 217 218 220 0.950 0 204 255
-343.1645 -430.3586 11.4121 139 160 179 0.950 0 204 255
-59.6558 -154.0153 12.3463 139 160 179 0.950 0 204 255
-149.8788 -227.6160 11.9985 220 224 227 0.950 0 204 255
-53.6521 -147.5467 12.3239 221 222 227 0.950 0 204 255
-235.5790 -318.8198 11.7460 221 220 218 0.950 0 204 255
-103.5196 -181.4481 12.1035 146 155 172 0.950 0 204 255
-373.7757 -465.1310 11.3425 218 222 223 0.950 0 204 255
-216.6547 -270.4793 11.7474 219 224 228 0.950 0 204 255
-111.4332 -199.9876 12.1658 210 215 219 0.950 0 204 255
-74.8402 -156.5218 12.5588 217 218 220 0.950 0 204 255
-125.1810 -223.3572 12.2034 219 221 220 0.950 0 204 255
-1660.2700 -1750.3920 7.0025 215 217 216 0.950 0 204 255
-68.0863 -155.7235 12.2379 218 219 223 0.950 0 204 255
-1818.0130 -1900.6982 6.5117 220 221 223 0.950 0 204 255
-29.2986 -130.4114 12.4997 218 219 223 0.950 0 204 255
-168.3527 -261.1331 12.0206 105 108 113 0.950 0 204 255
-57.6186 -152.6061 12.3527 141 160 177 0.950 0 204 255
-43.1602 -140.6845 12.3949 218 219 221 0.950 0 204 255
-233.8527 -332.7465 11.8683 217 221 220 0.950 0 204 255
-147.2140 -225.1973 12.0123 219 219 219 0.950 0 204 255
-57.9602 -158.3765 12.4307 215 218 223 0.950 0 204 255
-358.7302 -469.4660 11.4987 221 222 226 0.950 0 204 255
1310.6735 1198.0044 17.4634 221 222 227 0.950 0 204 255
-353.4050 -446.5835 11.2975 139 160 179 0.950 0 204 255
-622.8278 -733.9850 10.5486 219 220 224 0.950 0 204 255
-87.8598 -182.3468 12.2762 216 221 225 0.950 0 204 255
-3048.3288 -3159.5114 1.8572 109 109 117 0.950 0 204 255
-69.6355 -167.9813 12.3681 219 221 220 0.950 0 204 255
551.1204 438.1265 14.7389 221 220 225 0.950 0 204 255
115.9871 285.5070 17.2631 93 120 103 0.950 0 204 255
-475.5317 -265.2321 14.6298 92 124 103 0.950 0 204 255
114.5393 285.8269 17.2618 99 115 112 0.950 0 204 255
130.2042 301.9663 17.2864 218 223 227 0.950 0 204 255
135.5669 306.2218 17.2964 219 224 228 0.950 0 204 255
141.1003 310.6443 17.3072 218 223 229 0.950 0 204 255
285.6972 433.0360 17.7053 221 222 226 0.950 0 204 255
297.5763 443.4233 17.7437 220 224 227 0.950 0 204 255
310.0799 454.3862 17.7845 219 222 227 0.950 0 204 255
-55755.7408 -50348.3842 -193.0496 221 222 226 0.950 0 204 255
-13878.8391 -12408.9720 -35.6798 220 224 227 0.950 0 204 255
-7990.1912 -7074.1033 -13.5524 219 222 227 0.950 0 204 255
-1070.4716 -806.5157 12.4262 218 223 227 0.950 0 204 255
-1028.5873 -768.6300 12.5826 219 224 228 0.950 0 204 255
-990.4614 -734.1471 12.7249 218 223 229 0.950 0 204 255
127.6870 301.9124 17.2810 219 223 226 0.950 0 204 255
132.9220 306.1019 17.2909 221 225 226 0.950 0 204 255
278.0311 429.4393 17.6856 219 223 226 0.950 0 204 255
289.3925 439.4306 17.7221 223 224 228 0.950 0 204 255
21511.7719 19785.8430 97.3708 221 222 226 0.950 0 204 255
-1139.2655 -874.1366 12.1737 219 223 226 0.950 0 204 255
-1091.5290 -830.6635 12.3521 221 225 226 0.950 0 204 255
2005.8508 2038.8847 24.0560 148 161 177 0.950 0 204 255
107.4333 298.1606 17.2003 221 222 227 0.950 0 204 255
1572.7329 1684.4451 22.3935 221 222 227 0.950 0 204 255
-2728.0209 -2434.3374 6.3578 221 222 227 0.950 0 204 255
227.3524 405.7160 17.5206 220 224 227 0.950 0 204 255
104.0536 295.9747 17.1887 221 221 229 0.950 0 204 255
116.7716 306.9173 17.2158 218 221 226 0.950 0 204 255
217.7821 397.4990 17.4898 222 223 225 0.950 0 204 255
1407.6599 1531.1776 21.7743 221 221 231 0.950 0 204 255
1874.4336 1978.8720 23.5020 218 221 226 0.950 0 204 255
-3255.5255 -2947.5292 4.4177 221 221 229 0.950 0 204 255
-2314.4542 -2044.3702 7.9096 218 221 226 0.950 0 204 255
106.8520 299.0536 17.1898 219 224 230 0.950 0 204 255
111.0271 302.6603 17.1987 220 225 231 0.950 0 204 255
225.8737 406.0879 17.5118 215 225 234 0.950 0 204 255
1439.6830 1566.4286 21.8842 220 223 228 0.950 0 204 255
1574.1329 1695.7298 22.3807 221 224 229 0.950 0 204 255
-3211.2880 -2913.1374 4.6032 219 224 230 0.950 0 204 255
-2830.5534 -2546.6908 6.0138 220 225 231 0.950 0 204 255
95.0083 295.5570 17.0961 218 221 226 0.950 0 204 255
823.0261 1005.3916 19.5248 220 220 228 0.950 0 204 255
7023.4410 7158.4369 41.8425 218 221 226 0.950 0 204 255
93.9268 294.9907 17.0882 221 225 228 0.950 0 204 255
793.4611 978.1103 19.4112 223 224 228 0.950 0 204 255
5529.7549 5686.9937 36.4080 221 225 228 0.950 0 204 255
89.9888 291.6143 17.0765 222 223 225 0.950 0 204 255
741.8038 927.8225 19.2240 223 223 225 0.950 0 204 255
4066.1424 4235.4559 31.1285 222 223 225 0.950 0 204 255
94.5834 295.9915 17.0843 221 225 228 0.950 0 204 255
785.2473 971.8828 19.3736 221 224 229 0.950 0 204 255
90.6521 292.6015 17.0725 220 224 227 0.950 0 204 255
734.7591 922.6309 19.1910 222 223 227 0.950 0 204 255
3822.7126 4000.7825 30.2182 220 224 227 0.950 0 204 255
469.3927 668.6042 18.2120 142 160 174 0.950 0 204 255
101.8429 306.0257 17.0540 148 160 174 0.950 0 204 255
76.3792 283.1813 16.9719 218 221 226 0.950 0 204 255
79.2235 285.8566 16.9785 219 223 226 0.950 0 204 255
497.2433 701.2566 18.2752 220 221 226 0.950 0 204 255
1334.5401 1551.5028 21.1396 219 223 226 0.950 0 204 255
77.0014 284.0033 16.9680 220 224 227 0.950 0 204 255
146.5704 350.8510 17.1482 222 224 223 0.950 0 204 255
494.5210 699.4802 18.2590 222 224 223 0.950 0 204 255
1228.7034 1445.9108 20.7611 220 224 227 0.950 0 204 255
74.8391 282.1920 16.9577 220 223 228 0.950 0 204 255
79.0261 286.1500 16.9675 219 222 227 0.950 0 204 255
142.7218 347.4815 17.1325 222 223 228 0.950 0 204 255
149.1400 353.7557 17.1505 221 222 227 0.950 0 204 255
474.8572 680.4955 18.1863 220 224 227 0.950 0 204 255
500.6528 706.6564 18.2725 219 222 227 0.950 0 204 255
1137.6833 1355.1029 20.4356 220 223 228 0.950 0 204 255
1245.3812 1464.9122 20.8039 219 222 227 0.950 0 204 255
65.9986 276.1024 16.8720 219 223 224 0.950 0 204 255
68.4038 278.4345 16.8776 222 223 225 0.950 0 204 255
70.8499 280.8094 16.8834 221 222 227 0.950 0 204 255
65.0944 275.4410 16.8627 219 223 224 0.950 0 204 255
67.4621 277.7428 16.8683 223 224 226 0.950 0 204 255
57.8420 269.8840 16.7860 219 222 227 0.950 0 204 255
56.3467 268.4925 16.7784 219 222 227 0.950 0 204 255
62.5503 274.6603 16.7930 218 221 226 0.950 0 204 255
57.9007 270.1278 16.7779 220 224 227 0.950 0 204 255
59.9491 272.1670 16.7827 221 225 228 0.950 0 204 255
105.7391 318.1734 16.8963 222 223 227 0.950 0 204 255
108.5834 321.0551 16.9037 223 224 229 0.950 0 204 255
1503.8251 1792.1422 21.0435 95 124 102 0.950 0 204 255
-478.2376 -267.7454 14.6201 100 114 114 0.950 0 204 255
135.2111 306.2117 17.2957 219 224 228 0.950 0 204 255
745.8968 844.9508 19.3379 218 223 227 0.950 0 204 255
-15739.5888 -14107.4362 -42.6768 220 224 227 0.950 0 204 255
294.6456 443.8501 17.7389 224 225 229 0.950 0 204 255
713.6029 820.4629 19.2252 219 223 226 0.950 0 204 255
767.9549 869.7529 19.4253 221 225 224 0.950 0 204 255
-1069.4539 -810.2362 12.4343 222 226 227 0.950 0 204 255
107.2339 298.9741 17.1934 217 221 224 0.950 0 204 255
493.6775 657.5896 18.4257 215 222 228 0.950 0 204 255
-632.2218 -689.3322 10.6974 218 222 225 0.950 0 204 255
338.3614 527.8326 17.8277 210 220 229 0.950 0 204 255
360.1647 549.1563 17.9013 210 220 230 0.950 0 204 255
176.4274 371.7795 17.3078 216 220 223 0.950 0 204 255
5628.2299 5782.6656 36.7725 221 225 228 0.950 0 204 255
3907.1111 4076.3488 30.5614 219 220 224 0.950 0 204 255
1217.8092 1434.4165 20.7265 219 223 226 0.950 0 204 255
68.2769 278.3418 16.8764 222 223 225 0.950 0 204 255
210.9276 420.5455 17.2665 219 223 224 0.950 0 204 255
126.4674 335.8917 17.0191 224 225 229 0.950 0 204 255
207.6771 417.6956 17.2509 219 223 224 0.950 0 204 255
57.9854 270.1571 16.7806 217 221 222 0.950 0 204 255
108.9074 321.2864 16.9070 220 221 225 0.950 0 204 255
1477.0115 1763.6750 20.9633 99 116 110 0.950 0 204 255
354.1577 509.0804 16.8647 219 220 222 0.950 0 204 255
133.7599 305.0056 17.2854 216 221 224 0.950 0 204 255
109.5820 300.4623 17.1955 219 220 222 0.950 0 204 255
91.9972 292.9427 17.0824 218 222 225 0.950 0 204 255
514.1769 906.6572 20.4008 218 222 225 0.950 0 204 255
189.5523 370.2686 16.6629 220 222 221 0.950 0 204 255
-477.0675 -269.5089 14.5825 106 110 121 0.950 0 204 255
1387.4013 1669.1538 20.6985 106 110 121 0.950 0 204 255
153.8855 329.3043 17.3319 146 159 175 0.950 0 204 255
226.8473 404.8954 17.5198 213 222 229 0.950 0 204 255
-2548.4429 -2263.7937 7.0284 215 219 222 0.950 0 204 255
112.2890 303.3305 17.2042 218 222 225 0.950 0 204 255
1658.2160 1773.5352 22.6974 220 221 225 0.950 0 204 255
803.3244 987.4948 19.4479 223 224 228 0.950 0 204 255
330.6950 521.5711 17.7960 213 222 227 0.950 0 204 255
740.7073 926.5517 19.2210 223 223 225 0.950 0 204 255
79.0604 285.7521 16.9770 219 223 226 0.950 0 204 255
214.3280 424.4516 17.2707 223 224 226 0.950 0 204 255
54.3971 228.8936 16.2867 218 222 225 0.950 0 204 255
173.6848 387.4276 17.0831 218 222 225 0.950 0 204 255
285.4088 503.0219 17.4079 219 220 222 0.950 0 204 255
46.2387 259.1153 16.7179 96 118 106 0.950 0 204 255
1431.2221 1713.1844 20.8025 106 110 121 0.950 0 204 255
376.6711 735.3656 20.7577 219 219 219 0.950 0 204 255
467.8825 666.2988 18.2010 139 161 175 0.950 0 204 255
77.8050 284.7005 16.9665 219 223 226 0.950 0 204 255
147.0242 351.1993 17.1451 221 222 224 0.950 0 204 255
490.0370 694.7228 18.2349 215 217 216 0.950 0 204 255
939.2463 1501.0467 24.2717 216 217 219 0.950 0 204 255
46.9573 259.7722 16.7198 106 110 121 0.950 0 204 255
1483.7135 1605.9850 22.0521 220 220 222 0.950 0 204 255
472.1843 671.3003 18.2221 142 160 174 0.950 0 204 255
513.1611 717.5622 18.3273 221 222 226 0.950 0 204 255
375.7333 589.0322 17.7770 222 223 227 0.950 0 204 255
437.9559 624.5741 17.7204 214 218 221 0.950 0 204 255
107.7439 319.8792 16.9055 220 221 223 0.950 0 204 255
-1085.2001 -817.7754 12.4568 214 218 219 0.950 0 204 255
1799.2698 1832.1179 23.0963 145 159 172 0.950 0 204 255
68.3335 278.9308 16.8861 215 219 218 0.950 0 204 255
1059.7340 1681.0376 25.4907 222 223 225 0.950 0 204 255
223.1157 401.5683 17.5130 211 221 230 0.950 0 204 255
1962.1120 1995.8986 23.8926 145 159 172 0.950 0 204 255
100.4717 304.5311 17.0537 141 160 177 0.950 0 204 255
294.1267 512.0879 17.4339 220 221 225 0.950 0 204 255
150.9305 326.7869 17.3174 143 159 175 0.950 0 204 255
99.4409 303.3356 17.0495 144 160 176 0.950 0 204 255
1457.8564 1742.0209 20.8987 106 110 121 0.950 0 204 255
-1124.3654 -852.3635 12.3140 216 221 224 0.950 0 204 255
687.1795 911.6308 18.7763 219 223 224 0.950 0 204 255
212.1152 275.5816 15.8568 216 221 224 0.950 0 204 255
1517.2653 1634.6375 22.1499 219 219 219 0.950 0 204 255
758.2407 941.8396 19.2757 221 222 227 0.950 0 204 255
67.4781 277.5901 16.8695 217 219 218 0.950 0 204 255
59.3184 271.3457 16.7858 218 222 225 0.950 0 204 255
-11657.9087 -10527.5651 -28.9093 220 221 223 0.950 0 204 255
1488.4557 1550.5063 21.9633 139 160 177 0.950 0 204 255
1168.4628 1385.9283 20.5572 216 219 224 0.950 0 204 255
484.0724 710.5267 18.0145 218 222 225 0.950 0 204 255
461.8310 659.7845 18.1675 142 160 174 0.950 0 204 255
739.1513 835.5850 19.2175 217 219 218 0.950 0 204 255
264.4891 465.7888 17.4857 218 222 225 0.950 0 204 255
283.0678 428.9747 17.6463 219 221 220 0.950 0 204 255
288.2930 435.9820 17.7210 221 222 226 0.950 0 204 255
190.2377 372.6263 16.6824 219 220 222 0.950 0 204 255
1816.4663 1860.5759 23.3059 143 159 174 0.950 0 204 255
726.2205 823.1352 19.1698 216 222 222 0.950 0 204 255
1482.3645 1592.4129 21.9213 221 221 223 0.950 0 204 255
146.8212 349.9079 17.1376 213 217 218 0.950 0 204 255
107.1393 318.8166 16.9000 220 222 221 0.950 0 204 255
807.4272 900.9756 19.5780 219 224 228 0.950 0 204 255
-1074.1743 -810.9266 12.4021 218 223 227 0.950 0 204 255
105.7146 318.0952 16.9001 220 221 225 0.950 0 204 255
60.3287 272.1901 16.7891 220 223 228 0.950 0 204 255
145.7956 292.0212 16.1632 217 218 220 0.950 0 204 255
220.6722 397.5917 17.4668 219 220 222 0.950 0 204 255
-21606.4610 -19437.4310 -64.9997 217 218 220 0.950 0 204 255
497.7586 659.2458 18.4514 213 222 229 0.950 0 204 255
353.8111 542.9907 17.8852 220 227 235 0.950 0 204 255
-1053.9550 -785.1693 12.5870 215 220 224 0.950 0 204 255
152.8785 327.0991 17.3121 146 159 175 0.950 0 204 255
488.1953 649.8019 18.3772 219 220 222 0.950 0 204 255
99.7359 303.4574 17.0449 141 160 177 0.950 0 204 255
358.6200 509.9457 16.8402 218 219 221 0.950 0 204 255
153.2894 327.6558 17.2975 137 158 177 0.950 0 204 255
465.9277 626.2505 18.2757 216 221 225 0.950 0 204 255
178.7139 373.5854 17.3210 212 219 227 0.950 0 204 255
1483.5281 1544.7635 21.9110 139 160 177 0.950 0 204 255
294.8254 447.1231 17.8112 220 222 221 0.950 0 204 255
59.5316 272.0219 16.7939 218 222 225 0.950 0 204 255
4763.3832 4917.4182 33.7372 216 219 224 0.950 0 204 255
374.6116 676.6356 19.6563 220 220 220 0.950 0 204 255
135.2616 309.8310 17.3425 218 222 223 0.950 0 204 255
33854.7196 30723.2011 140.3314 219 221 220 0.950 0 204 255
703.8087 925.1617 18.8001 217 221 220 0.950 0 204 255
289.6971 462.0858 16.7935 218 222 225 0.950 0 204 255
1659.7557 1769.1574 22.7344 218 219 223 0.950 0 204 255
265.0835 468.6199 17.5065 221 222 226 0.950 0 204 255
177.5404 371.2468 17.2912 221 220 218 0.950 0 204 255
744.8854 925.1877 19.1848 221 222 227 0.950 0 204 255
785.4890 968.7309 19.3991 217 218 223 0.950 0 204 255
78.8315 286.3930 16.9874 213 217 220 0.950 0 204 255
102.7824 305.4799 17.0535 138 161 179 0.950 0 204 255
-2880.8622 -2572.1645 6.0543 217 218 220 0.950 0 204 255
5074.1270 5200.8417 34.4121 214 218 221 0.950 0 204 255
476.7341 636.0292 18.3135 220 224 227 0.950 0 204 255
144.7645 349.3683 17.1429 218 219 223 0.950 0 204 255
214.2213 424.4482 17.2725 223 224 226 0.950 0 204 255
1330.3316 1540.1718 21.0390 107 110 115 0.950 0 204 255
111.6230 303.7824 17.2364 220 221 223 0.950 0 204 255
453.8219 649.3112 18.1329 139 160 179 0.950 0 204 255
799.2257 989.0761 19.5158 219 218 223 0.950 0 204 255
-1365.1441 -1317.6099 8.9671 220 221 223 0.950 0 204 255
-2737.2115 -2445.0882 6.2999 221 222 227 0.950 0 204 255
891.5992 994.6701 20.2137 218 223 227 0.950 0 204 255
-6336.7908 -5677.9622 -9.1477 221 222 226 0.950 0 204 255
153.8161 327.0691 17.2993 146 162 178 0.950 0 204 255
491.8545 693.9602 18.2209 215 216 218 0.950 0 204 255
455.3418 650.3603 18.1299 139 160 179 0.950 0 204 255
296.1464 516.7311 17.4891 221 222 226 0.950 0 204 255
92.3932 294.7195 17.1032 218 219 221 0.950 0 204 255
1792.0324 1927.7799 23.6486 221 220 225 0.950 0 204 255
508.7426 733.5585 18.0689 220 223 228 0.950 0 204 255
339.3535 527.4087 17.7949 217 221 222 0.950 0 204 255
102.0675 304.8124 17.0518 138 161 179 0.950 0 204 255
491.1737 696.7666 18.2491 215 217 216 0.950 0 204 255
1820.8135 1937.3354 23.5283 221 221 223 0.950 0 204 255
261.2865 462.6022 17.4758 212 217 221 0.950 0 204 255
286.0182 432.6314 17.6551 223 224 228 0.950 0 204 255
720.1995 941.9029 18.8414 219 220 222 0.950 0 204 255
440.5417 630.7321 18.0139 139 160 179 0.950 0 204 255
479.3893 680.4984 18.3036 139 160 179 0.950 0 204 255
1983.4305 2028.4235 24.1632 145 159 172 0.950 0 204 255
519.0276 726.9033 18.3926 215 216 218 0.950 0 204 255
217.0610 429.8728 17.3237 217 221 222 0.950 0 204 255
823.7638 1018.6078 19.7072 221 222 227 0.950 0 204 255
358.9364 554.4499 17.9949 214 223 230 0.950 0 204 255
529.5580 740.4494 18.4889 109 109 117 0.950 0 204 255
275.7502 482.2760 17.6109 106 111 115 0.950 0 204 255
120.3997 514.7409 21.2507 92 121 101 0.950 0 204 255
-1151.1745 -709.9707 15.3706 97 121 107 0.950 0 204 255
118.7079 515.5269 21.2459 97 117 108 0.950 0 204 255
144.1744 539.0286 21.2146 219 223 226 0.950 0 204 255
152.2016 544.8897 21.2144 220 224 227 0.950 0 204 255
160.4161 550.9465 21.2152 219 222 227 0.950 0 204 255
354.8360 707.2751 21.4804 218 223 227 0.950 0 204 255
369.3585 719.6423 21.5132 219 224 228 0.950 0 204 255
384.4416 732.5522 21.5485 218 223 229 0.950 0 204 255
2836.3158 2974.0269 29.9633 218 223 227 0.950 0 204 255
3135.8207 3250.4465 31.0401 219 224 228 0.950 0 204 255
3497.0647 3583.9281 32.3404 218 223 229 0.950 0 204 255
-4901.6823 -4181.6295 1.8801 221 222 226 0.950 0 204 255
-4414.7147 -3731.8164 3.6381 220 224 227 0.950 0 204 255
-4022.3885 -3369.4527 5.0538 219 222 227 0.950 0 204 255
141.2352 539.6542 21.2062 221 222 224 0.950 0 204 255
149.1136 545.4917 21.2069 223 224 226 0.950 0 204 255
346.9560 705.4933 21.4767 219 223 226 0.950 0 204 255
361.0449 717.5710 21.5087 221 225 224 0.950 0 204 255
2582.8995 2759.3491 29.1113 221 222 227 0.950 0 204 255
2831.4935 2990.2493 30.0076 224 223 228 0.950 0 204 255
-5725.8070 -4974.9491 -1.1588 221 222 226 0.950 0 204 255
-5066.7247 -4362.0381 1.2312 223 224 228 0.950 0 204 255
1532.0865 1823.3591 25.4530 148 161 177 0.950 0 204 255
117.6188 539.4471 21.0663 221 222 227 0.950 0 204 255
1411.8175 1761.6862 25.1024 219 222 227 0.950 0 204 255
10642.2066 10767.5269 59.0232 221 222 227 0.950 0 204 255
293.8660 693.3393 21.3735 220 224 227 0.950 0 204 255
112.8323 536.4740 21.0501 219 222 231 0.950 0 204 255
132.7679 553.0421 21.0711 220 221 225 0.950 0 204 255
281.0676 682.6762 21.3412 219 224 228 0.950 0 204 255
1330.0012 1687.3841 24.8116 219 222 227 0.950 0 204 255
1561.0785 1912.5821 25.6446 218 221 226 0.950 0 204 255
7882.5081 8097.3465 48.8592 219 222 231 0.950 0 204 255
19022.3088 19004.0576 89.9054 218 221 226 0.950 0 204 255
117.7833 541.5199 21.0434 220 223 228 0.950 0 204 255
124.3457 547.0064 21.0506 221 224 231 0.950 0 204 255
293.0970 695.3964 21.3660 215 226 232 0.950 0 204 255
1354.2754 1716.1190 24.9012 219 224 230 0.950 0 204 255
1426.4401 1786.6267 25.1609 221 224 231 0.950 0 204 255
8207.8472 8439.9901 50.0562 220 223 228 0.950 0 204 255
10319.2363 10512.9549 57.8327 221 224 229 0.950 0 204 255
105.4367 540.5892 20.8728 218 221 226 0.950 0 204 255
976.7260 1392.0750 23.5217 220 221 226 0.950 0 204 255
2766.4897 3198.9612 29.9506 220 220 228 0.950 0 204 255
104.1535 540.0215 20.8589 223 224 228 0.950 0 204 255
953.0297 1371.0728 23.4326 223 224 228 0.950 0 204 255
2616.7553 3053.6952 29.3945 223 224 228 0.950 0 204 255
97.9896 534.7692 20.8430 223 223 225 0.950 0 204 255
906.1048 1325.2071 23.2659 220 224 227 0.950 0 204 255
2380.6675 2817.2804 28.5344 223 223 225 0.950 0 204 255
105.6799 541.9615 20.8497 223 224 226 0.950 0 204 255
948.4802 1369.2124 23.4101 223 224 229 0.950 0 204 255
99.5236 536.6819 20.8336 222 223 227 0.950 0 204 255
902.1528 1323.8203 23.2455 220 224 227 0.950 0 204 255
2341.5439 2783.0413 28.3799 222 223 227 0.950 0 204 255
633.2754 1068.2326 22.2711 142 159 175 0.950 0 204 255
121.4929 561.2989 20.7798 147 160 176 0.950 0 204 255
81.1896 525.0557 20.6570 220 221 225 0.950 0 204 255
85.9310 529.5131 20.6661 221 222 224 0.950 0 204 255
673.8007 1116.8378 22.3691 218 221 226 0.950 0 204 255
1445.4647 1913.0365 25.0226 221 222 226 0.950 0 204 255
82.6063 526.7157 20.6487 223 223 221 0.950 0 204 255
195.2375 634.9389 20.9003 220 223 228 0.950 0 204 255
672.1492 1116.6885 22.3549 220 224 227 0.950 0 204 255
1372.4518 1840.0876 24.7551 222 224 223 0.950 0 204 255
79.3638 523.9717 20.6315 222 223 228 0.950 0 204 255
86.3612 530.5909 20.6452 221 222 227 0.950 0 204 255
189.6810 630.1246 20.8773 222 223 228 0.950 0 204 255
199.7764 640.0128 20.9027 221 222 227 0.950 0 204 255
649.9017 1095.3280 22.2725 220 223 228 0.950 0 204 255
681.1063 1127.4112 22.3760 219 222 227 0.950 0 204 255
1305.7659 1773.4585 24.5107 222 223 227 0.950 0 204 255
1389.6144 1860.4607 24.8019 219 222 227 0.950 0 204 255
68.8271 517.1262 20.4761 221 222 226 0.950 0 204 255
72.9255 521.1275 20.4848 222 223 227 0.950 0 204 255
77.0857 525.1937 20.4937 219 222 229 0.950 0 204 255
67.7435 516.3670 20.4594 221 222 226 0.950 0 204 255
71.7860 520.3263 20.4680 223 224 226 0.950 0 204 255
59.0055 509.8882 20.3195 221 222 226 0.950 0 204 255
56.6587 507.6615 20.3059 218 223 229 0.950 0 204 255
67.4277 518.4917 20.3301 218 222 225 0.950 0 204 255
59.6115 510.7585 20.3043 222 223 227 0.950 0 204 255
63.1713 514.3440 20.3123 223 224 229 0.950 0 204 255
141.4057 593.8042 20.4990 220 224 227 0.950 0 204 255
146.1812 598.6943 20.5111 221 225 228 0.950 0 204 255
1763.1646 2331.9115 25.4393 96 123 108 0.950 0 204 255
-1159.8214 -718.1071 15.3400 99 116 110 0.950 0 204 255
151.7862 544.9806 21.2135 220 224 227 0.950 0 204 255
3091.6296 3212.6779 30.8903 219 224 228 0.950 0 204 255
154.1373 549.0511 21.2083 224 225 227 0.950 0 204 255
367.3862 722.6961 21.5225 222 226 225 0.950 0 204 255
788.5025 1099.2093 22.7712 219 223 226 0.950 0 204 255
832.5149 1139.3905 22.9172 223 224 228 0.950 0 204 255
-4801.2917 -4113.4897 2.1964 224 225 229 0.950 0 204 255
292.9180 691.9156 21.3723 213 222 229 0.950 0 204 255
118.0623 541.1830 21.0506 220 220 222 0.950 0 204 255
618.6257 1000.0530 22.3317 215 222 230 0.950 0 204 255
1374.6052 1732.9022 24.9730 217 221 224 0.950 0 204 255
1464.4592 1820.5592 25.2967 220 221 225 0.950 0 204 255
11448.3513 11601.7812 61.9948 220 221 225 0.950 0 204 255
961.4437 1378.9814 23.4633 223 224 228 0.950 0 204 255
2626.5349 3062.3770 29.4326 223 224 228 0.950 0 204 255
904.7746 1323.6058 23.2619 220 224 227 0.950 0 204 255
119.0031 558.6625 20.7811 141 160 177 0.950 0 204 255
1363.2682 1830.0548 24.7256 221 222 224 0.950 0 204 255
373.1907 812.3584 21.3945 221 222 224 0.950 0 204 255
72.7721 521.0202 20.4825 222 223 227 0.950 0 204 255
74.3178 522.7870 20.4744 224 225 229 0.950 0 204 255
170.0818 617.8382 20.6997 224 225 227 0.950 0 204 255
964.2592 1443.7255 23.1745 224 225 229 0.950 0 204 255
145.2891 597.3032 20.5229 215 218 223 0.950 0 204 255
59.6085 510.6779 20.3092 219 220 222 0.950 0 204 255
146.5299 598.8932 20.5166 218 222 225 0.950 0 204 255
252.6276 708.4383 20.7993 220 221 225 0.950 0 204 255
424.8563 889.0064 21.3016 217 221 222 0.950 0 204 255
437.7636 902.6258 21.3406 218 222 225 0.950 0 204 255
727.4793 1210.0041 22.2427 220 221 225 0.950 0 204 255
1741.3030 2308.1996 25.3710 97 116 110 0.950 0 204 255
1969.2748 3165.6121 45.3568 214 218 217 0.950 0 204 255
-5071.4530 -4341.7184 1.3614 219 221 220 0.950 0 204 255
281.7317 556.8744 19.0539 221 217 214 0.950 0 204 255
253.8672 583.0133 19.5193 221 220 218 0.950 0 204 255
534.0534 893.5664 20.1716 220 222 221 0.950 0 204 255
287.9847 687.9793 19.9920 218 222 225 0.950 0 204 255
220.3055 545.1637 18.6147 220 222 221 0.950 0 204 255
-659.2778 -607.9770 11.9070 103 113 115 0.950 0 204 255
312.1884 655.9379 19.1397 220 221 223 0.950 0 204 255
1670.4115 2232.1052 25.1557 104 111 121 0.950 0 204 255
810.6851 1112.9556 22.8213 221 222 226 0.950 0 204 255
183.0142 580.4800 21.2051 147 158 176 0.950 0 204 255
12806.1474 12887.6651 66.9977 217 218 222 0.950 0 204 255
456.2116 873.7479 21.7672 212 219 227 0.950 0 204 255
484.0861 901.1703 21.8549 211 220 229 0.950 0 204 255
232.2566 658.0520 21.1264 213 220 226 0.950 0 204 255
447.6558 867.3225 21.7333 216 221 225 0.950 0 204 255
2345.6888 2781.2573 28.4094 219 220 224 0.950 0 204 255
636.4678 1071.3098 22.2825 142 159 175 0.950 0 204 255
85.7360 529.3980 20.6635 221 222 224 0.950 0 204 255
693.0383 1136.8850 22.4315 219 223 226 0.950 0 204 255
302.4767 751.5984 21.0712 221 222 226 0.950 0 204 255
298.2190 747.9887 21.0490 221 222 226 0.950 0 204 255
195.5194 635.0689 20.8930 215 216 221 0.950 0 204 255
176.3201 588.5072 19.9440 220 222 221 0.950 0 204 255
1720.8767 2285.1933 25.3062 103 112 119 0.950 0 204 255
-4911.8062 -4196.7188 1.7749 221 222 226 0.950 0 204 255
1260.1658 1574.7262 24.5207 139 160 181 0.950 0 204 255
1459.2099 1809.2933 25.2955 216 220 223 0.950 0 204 255
1828.9984 2420.3988 25.9610 104 111 119 0.950 0 204 255
1513.0232 1803.1913 25.3797 143 159 175 0.950 0 204 255
125.9955 547.7916 21.0591 220 221 225 0.950 0 204 255
539.1047 996.4184 21.7955 222 223 225 0.950 0 204 255
1983.0595 4170.6996 58.6869 219 220 222 0.950 0 204 255
305.0829 502.7690 18.2471 219 221 220 0.950 0 204 255
629.3361 1062.9920 22.2467 141 160 177 0.950 0 204 255
459.9732 1139.2209 25.1685 222 223 225 0.950 0 204 255
3004.6062 3133.9607 30.6256 214 219 223 0.950 0 204 255
427.8212 892.2769 21.3151 217 221 222 0.950 0 204 255
702.6888 1183.8175 22.1704 220 221 225 0.950 0 204 255
2815.6239 2946.5253 29.5476 216 217 219 0.950 0 204 255
1330.5252 1798.4160 24.6163 218 219 221 0.950 0 204 255
2421.9655 2852.2288 28.6502 221 222 227 0.950 0 204 255
-5268.3347 -4508.4267 1.0568 217 218 222 0.950 0 204 255
8993.7339 9176.2052 52.7718 219 219 219 0.950 0 204 255
1416.5143 1700.1558 24.8326 142 159 177 0.950 0 204 255
10718.3900 10850.8689 59.4311 221 222 227 0.950 0 204 255
2495.8628 2926.7186 28.9967 218 218 226 0.950 0 204 255
210.7477 711.5297 21.4226 217 221 222 0.950 0 204 255
-4968.1648 -4207.0919 2.2673 220 224 227 0.950 0 204 255
1279.3887 1575.9496 24.3362 139 160 181 0.950 0 204 255
944.4058 1360.3097 23.4211 214 219 223 0.950 0 204 255
722.3901 1200.2850 22.1900 217 218 222 0.950 0 204 255
1451.7100 1745.3222 25.1219 141 160 177 0.950 0 204 255
355.3044 705.5992 21.3972 217 219 218 0.950 0 204 255
856.6814 1169.5650 23.1992 220 222 221 0.950 0 204 255
927.4200 1339.5647 23.2496 223 224 228 0.950 0 204 255
683.7918 993.4256 20.1829 218 219 221 0.950 0 204 255
369.2809 730.9252 21.6943 216 222 222 0.950 0 204 255
-4363.0776 -3736.8431 2.9989 219 220 224 0.950 0 204 255
337.4516 941.2891 23.3246 218 222 225 0.950 0 204 255
1390.1304 1734.4844 24.8268 219 220 222 0.950 0 204 255
-10447.2432 -13805.4513 -72.7496 216 217 221 0.950 0 204 255
857.7487 1173.3981 23.2750 219 220 222 0.950 0 204 255
669.8240 1115.3696 22.3510 213 217 220 0.950 0 204 255
840.1816 1127.6107 22.7203 216 220 223 0.950 0 204 255
2908.4750 3012.7647 29.7334 219 224 228 0.950 0 204 255
292.6450 690.7702 19.9802 215 218 223 0.950 0 204 255
3331.7567 3480.3317 32.5471 217 221 224 0.950 0 204 255
1441.9839 1783.4105 25.0419 219 220 222 0.950 0 204 255
1442.0304 1760.6514 25.5041 139 160 181 0.950 0 204 255
2591.7447 5473.9430 73.1681 216 221 225 0.950 0 204 255
924.1236 1401.8475 23.0492 221 222 226 0.950 0 204 255
3189.4915 3351.8690 31.8702 224 223 228 0.950 0 204 255
377.4356 818.8675 21.4693 213 217 218 0.950 0 204 255
423.7694 891.7964 22.7077 215 220 226 0.950 0 204 255
715.0674 1323.0013 24.2262 216 220 223 0.950 0 204 255
1410.4393 1868.1664 24.7787 220 220 228 0.950 0 204 255
311.7925 511.8212 18.3380 221 222 226 0.950 0 204 255
636.2935 1075.3378 22.3485 142 159 177 0.950 0 204 255
629.6393 1058.6453 22.2065 139 160 179 0.950 0 204 255
2631.1032 3088.0211 29.8479 221 222 227 0.950 0 204 255
2457.2023 2873.4093 28.5783 220 221 226 0.950 0 204 255
942.5070 1415.3553 23.0362 219 220 222 0.950 0 204 255
338.9043 704.0718 20.6891 214 222 225 0.950 0 204 255
241.8705 670.2364 21.2010 217 221 222 0.950 0 204 255
309.1682 756.7544 21.0527 219 220 224 0.950 0 204 255
185.0139 584.8560 21.2684 146 155 172 0.950 0 204 255
468.8090 882.0234 21.7327 215 219 222 0.950 0 204 255
620.7862 1006.1743 22.4674 219 220 222 0.950 0 204 255
255.7492 770.5587 21.9962 214 218 217 0.950 0 204 255
8675.8489 8818.0786 50.8025 220 220 222 0.950 0 204 255
957.6450 1384.8406 23.6203 219 222 227 0.950 0 204 255
685.8794 1137.4547 22.5019 213 217 220 0.950 0 204 255
1486.6723 1855.4872 25.6955 216 220 223 0.950 0 204 255
950.7539 1377.6703 23.6053 218 223 227 0.950 0 204 255
690.6254 1129.0008 22.3536 218 221 226 0.950 0 204 255
119.1770 560.1096 20.8011 144 160 175 0.950 0 204 255
686.2582 1126.6637 22.3469 214 218 219 0.950 0 204 255
930.9052 1340.0798 23.2429 220 221 226 0.950 0 204 255
198.8951 640.9061 20.9612 212 217 221 0.950 0 204 255
689.5082 1140.2220 22.5281 216 219 224 0.950 0 204 255
605.1716 1033.2371 22.1131 139 160 179 0.950 0 204 255
632.9087 1072.4827 22.3951 139 160 179 0.950 0 204 255
578.1541 941.1062 21.9040 213 222 229 0.950 0 204 255
969.8556 1455.0232 23.3179 219 220 224 0.950 0 204 255
772.4136 1053.0444 22.2233 220 224 227 0.950 0 204 255
1459.1403 1746.2259 25.0646 139 160 179 0.950 0 204 255
637.8200 1083.5509 22.5234 139 160 179 0.950 0 204 255
2250.2454 4779.5881 65.8260 215 224 231 0.950 0 204 255
184.3852 587.2600 21.2996 148 157 174 0.950 0 204 255
358.4154 790.1125 21.2271 221 222 224 0.950 0 204 255
374.9057 817.4280 21.4801 216 220 223 0.950 0 204 255
524.4333 982.5109 21.7437 214 218 217 0.950 0 204 255
379.5798 813.9917 21.3784 106 109 116 0.950 0 204 255
529.3422 983.7701 21.7110 219 221 220 0.950 0 204 255
347.0580 721.6714 20.8855 214 223 230 0.950 0 204 255
